vaccine,country_code,country,year,coverage
MCV2,KEN,Kenya,2023,0.624
MCV1,KEN,Kenya,2023,0.91
MCV1,KEN,Kenya,2022,0.89
MCV2,KEN,Kenya,2022,0.595
MCV2,KEN,Kenya,2021,0.568
MCV1,KEN,Kenya,2021,0.9
MCV1,KEN,Kenya,2020,0.89
MCV2,KEN,Kenya,2020,0.51789
MCV2,KEN,Kenya,2019,0.541
MCV1,KEN,Kenya,2019,0.92
MCV2,KEN,Kenya,2018,0.454
MCV1,KEN,Kenya,2018,0.92
MCV2,KEN,Kenya,2017,0.348
MCV1,KEN,Kenya,2017,0.84
MCV1,KEN,Kenya,2016,0.93
MCV2,KEN,Kenya,2016,0.316
MCV2,KEN,Kenya,2015,0.278
MCV1,KEN,Kenya,2015,0.96
MCV1,KEN,Kenya,2014,0.95
MCV2,KEN,Kenya,2014,0
MCV1,KEN,Kenya,2013,0.94
MCV2,KEN,Kenya,2013,0
MCV1,KEN,Kenya,2012,0.93
MCV2,KEN,Kenya,2012,0
MCV1,KEN,Kenya,2011,0.87
MCV2,KEN,Kenya,2011,0
MCV2,KEN,Kenya,2010,0
MCV1,KEN,Kenya,2010,0.86
MCV1,KEN,Kenya,2009,0.88
MCV2,KEN,Kenya,2009,0
MCV2,KEN,Kenya,2008,0
MCV1,KEN,Kenya,2008,0.9
MCV2,KEN,Kenya,2007,0
MCV1,KEN,Kenya,2007,0.8
MCV1,KEN,Kenya,2006,0.77
MCV2,KEN,Kenya,2006,0
MCV2,KEN,Kenya,2005,0
MCV1,KEN,Kenya,2005,0.69
MCV2,KEN,Kenya,2004,0
MCV1,KEN,Kenya,2004,0.73
MCV2,KEN,Kenya,2003,0
MCV1,KEN,Kenya,2003,0.72
MCV2,KEN,Kenya,2002,0
MCV1,KEN,Kenya,2002,0.78
MCV2,KEN,Kenya,2001,0
MCV1,KEN,Kenya,2001,0.77
MCV2,KEN,Kenya,2000,0
MCV1,KEN,Kenya,2000,0.78
MCV1,KEN,Kenya,1999,0.76
MCV1,KEN,Kenya,1998,0.9
MCV1,KEN,Kenya,1997,0.79
MCV1,KEN,Kenya,1996,0.81
MCV1,KEN,Kenya,1995,0.83
MCV1,KEN,Kenya,1994,0.84
MCV1,KEN,Kenya,1993,0.84
MCV1,KEN,Kenya,1992,0.84
MCV1,KEN,Kenya,1991,0.81
MCV1,KEN,Kenya,1990,0.78
MCV1,KEN,Kenya,1989,0.75
MCV1,KEN,Kenya,1988,0.72
MCV1,KEN,Kenya,1987,0.69
MCV1,KEN,Kenya,1986,0.65
MCV1,KEN,Kenya,1985,0.63
MCV1,KEN,Kenya,1984,0.55
MCV1,KEN,Kenya,1983,0
MCV1,KEN,Kenya,1982,0
MCV1,KEN,Kenya,1981,0
MCV1,KEN,Kenya,1980,0
MCV2,KEN,Kenya,2024,0.634
MCV2,KEN,Kenya,2025,0.644
MCV2,KEN,Kenya,2026,0.654
MCV2,KEN,Kenya,2027,0.664
MCV2,KEN,Kenya,2028,0.674
MCV2,KEN,Kenya,2029,0.684
MCV2,KEN,Kenya,2030,0.694
MCV2,KEN,Kenya,2031,0.704
MCV2,KEN,Kenya,2032,0.714
MCV2,KEN,Kenya,2033,0.724
MCV2,KEN,Kenya,2034,0.734
MCV2,KEN,Kenya,2035,0.744
MCV2,KEN,Kenya,2036,0.754
MCV2,KEN,Kenya,2037,0.764
MCV2,KEN,Kenya,2038,0.774
MCV2,KEN,Kenya,2039,0.784
MCV2,KEN,Kenya,2040,0.794
MCV2,KEN,Kenya,2041,0.804
MCV2,KEN,Kenya,2042,0.814
MCV2,KEN,Kenya,2043,0.824
MCV2,KEN,Kenya,2044,0.834
MCV2,KEN,Kenya,2045,0.844
MCV2,KEN,Kenya,2046,0.854
MCV2,KEN,Kenya,2047,0.864
MCV2,KEN,Kenya,2048,0.874
MCV2,KEN,Kenya,2049,0.884
MCV2,KEN,Kenya,2050,0.894
MCV1,KEN,Kenya,2024,0.92
MCV1,KEN,Kenya,2025,0.93
MCV1,KEN,Kenya,2026,0.94
MCV1,KEN,Kenya,2027,0.95
MCV1,KEN,Kenya,2028,0.95
MCV1,KEN,Kenya,2029,0.95
MCV1,KEN,Kenya,2030,0.95
MCV1,KEN,Kenya,2031,0.95
MCV1,KEN,Kenya,2032,0.95
MCV1,KEN,Kenya,2033,0.95
MCV1,KEN,Kenya,2034,0.95
MCV1,KEN,Kenya,2035,0.95
MCV1,KEN,Kenya,2036,0.95
MCV1,KEN,Kenya,2037,0.95
MCV1,KEN,Kenya,2038,0.95
MCV1,KEN,Kenya,2039,0.95
MCV1,KEN,Kenya,2040,0.95
MCV1,KEN,Kenya,2041,0.95
MCV1,KEN,Kenya,2042,0.95
MCV1,KEN,Kenya,2043,0.95
MCV1,KEN,Kenya,2044,0.95
MCV1,KEN,Kenya,2045,0.95
MCV1,KEN,Kenya,2046,0.95
MCV1,KEN,Kenya,2047,0.95
MCV1,KEN,Kenya,2048,0.95
MCV1,KEN,Kenya,2049,0.95
MCV1,KEN,Kenya,2050,0.95
MCV1,BAR,baringo,2013,0.721040727
MCV2,BAR,baringo,2013,0
MCV1,BAR,baringo,2014,0.767450914
MCV2,BAR,baringo,2014,0
MCV1,BAR,baringo,2015,0.744423492
MCV2,BAR,baringo,2015,0.26054066
MCV1,BAR,baringo,2016,0.740279018
MCV2,BAR,baringo,2016,0.297111667
MCV1,BAR,baringo,2017,0.674539423
MCV2,BAR,baringo,2017,0.324350584
MCV1,BAR,baringo,2018,0.783317679
MCV2,BAR,baringo,2018,0.429542349
MCV1,BAR,baringo,2019,0.807902477
MCV2,BAR,baringo,2019,0.514083818
MCV1,BAR,baringo,2020,0.824971159
MCV2,BAR,baringo,2020,0.493591869
MCV1,BAR,baringo,2021,0.832607599
MCV2,BAR,baringo,2021,0.542447655
MCV1,BAR,baringo,2022,0.847415697
MCV2,BAR,baringo,2022,0.570325154
MCV1,BAR,baringo,2023,0.845991485
MCV2,BAR,baringo,2023,0.599794115
MCV1,BAR,baringo,2028,0.895991485
MCV2,BAR,baringo,2028,0.649794115
MCV1,BAR,baringo,2027,0.885991485
MCV2,BAR,baringo,2027,0.639794115
MCV1,BAR,baringo,2025,0.865991485
MCV2,BAR,baringo,2025,0.619794115
MCV1,BAR,baringo,2026,0.875991485
MCV2,BAR,baringo,2026,0.629794115
MCV1,BAR,baringo,2029,0.905991485
MCV2,BAR,baringo,2029,0.659794115
MCV1,BAR,baringo,2024,0.855991485
MCV2,BAR,baringo,2024,0.609794115
MCV1,BAR,baringo,2030,0.915991485
MCV2,BAR,baringo,2030,0.669794115
MCV1,BOM,bomet,2013,0.70747758
MCV2,BOM,bomet,2013,0
MCV1,BOM,bomet,2017,0.661747953
MCV2,BOM,bomet,2017,0.346921135
MCV1,BOM,bomet,2014,0.753013733
MCV2,BOM,bomet,2014,0
MCV1,BOM,bomet,2021,0.816943759
MCV2,BOM,bomet,2021,0.567693648
MCV1,BOM,bomet,2018,0.768582242
MCV2,BOM,bomet,2018,0.451163626
MCV1,BOM,bomet,2016,0.726352683
MCV2,BOM,bomet,2016,0.313868152
MCV1,BOM,bomet,2025,0.850078154
MCV2,BOM,bomet,2025,0.643604936
MCV1,BOM,bomet,2019,0.792714755
MCV2,BOM,bomet,2019,0.538611766
MCV1,BOM,bomet,2020,0.80945098
MCV2,BOM,bomet,2020,0.516746875
MCV1,BOM,bomet,2028,0.880078154
MCV2,BOM,bomet,2028,0.673604936
MCV1,BOM,bomet,2029,0.890078154
MCV2,BOM,bomet,2029,0.683604936
MCV1,BOM,bomet,2027,0.870078154
MCV2,BOM,bomet,2027,0.663604936
MCV1,BOM,bomet,2026,0.860078154
MCV2,BOM,bomet,2026,0.653604936
MCV1,BOM,bomet,2023,0.830078154
MCV2,BOM,bomet,2023,0.623604936
MCV1,BOM,bomet,2030,0.900078154
MCV2,BOM,bomet,2030,0.693604936
MCV1,BOM,bomet,2015,0.730424043
MCV2,BOM,bomet,2015,0.275058429
MCV1,BOM,bomet,2024,0.840078154
MCV2,BOM,bomet,2024,0.633604936
MCV1,BOM,bomet,2022,0.831477656
MCV2,BOM,bomet,2022,0.596067604
MCV1,BMA,bungoma,2021,0.835328817
MCV2,BMA,bungoma,2021,0.515254082
MCV1,BMA,bungoma,2014,0.769959324
MCV2,BMA,bungoma,2014,0
MCV1,BMA,bungoma,2025,0.868778047
MCV2,BMA,bungoma,2025,0.594295391
MCV1,BMA,bungoma,2022,0.850186885
MCV2,BMA,bungoma,2022,0.542740312
MCV1,BMA,bungoma,2015,0.746909712
MCV2,BMA,bungoma,2015,0.245606473
MCV1,BMA,bungoma,2016,0.742699297
MCV2,BMA,bungoma,2016,0.279902542
MCV1,BMA,bungoma,2019,0.810537833
MCV2,BMA,bungoma,2019,0.487644881
MCV1,BMA,bungoma,2029,0.908778047
MCV2,BMA,bungoma,2029,0.634295391
MCV1,BMA,bungoma,2023,0.848778047
MCV2,BMA,bungoma,2023,0.574295391
MCV1,BMA,bungoma,2020,0.827667397
MCV2,BMA,bungoma,2020,0.468612659
MCV1,BMA,bungoma,2030,0.918778047
MCV2,BMA,bungoma,2030,0.644295391
MCV1,BMA,bungoma,2027,0.888778047
MCV2,BMA,bungoma,2027,0.614295391
MCV1,BMA,bungoma,2026,0.878778047
MCV2,BMA,bungoma,2026,0.604295391
MCV1,BMA,bungoma,2028,0.898778047
MCV2,BMA,bungoma,2028,0.624295391
MCV1,BMA,bungoma,2024,0.858778047
MCV2,BMA,bungoma,2024,0.584295391
MCV1,BMA,bungoma,2017,0.676583283
MCV2,BMA,bungoma,2017,0.302805903
MCV1,BMA,bungoma,2018,0.785877491
MCV2,BMA,bungoma,2018,0.406466718
MCV1,BMA,bungoma,2013,0.723415876
MCV2,BMA,bungoma,2013,0
MCV1,BSA,busia,2018,0.789671538
MCV2,BSA,busia,2018,0.448120746
MCV1,BSA,busia,2019,0.814464125
MCV2,BSA,busia,2019,0.535448304
MCV1,BSA,busia,2029,0.912859266
MCV2,BSA,busia,2029,0.680212386
MCV1,BSA,busia,2017,0.679867807
MCV2,BSA,busia,2017,0.339751776
MCV1,BSA,busia,2026,0.882859266
MCV2,BSA,busia,2026,0.650212386
MCV1,BSA,busia,2024,0.862859266
MCV2,BSA,busia,2024,0.630212386
MCV1,BSA,busia,2023,0.852859266
MCV2,BSA,busia,2023,0.620212386
MCV1,BSA,busia,2025,0.872859266
MCV2,BSA,busia,2025,0.640212386
MCV1,BSA,busia,2022,0.854292321
MCV2,BSA,busia,2022,0.592360719
MCV1,BSA,busia,2028,0.902859266
MCV2,BSA,busia,2028,0.670212386
MCV1,BSA,busia,2015,0.750474391
MCV2,BSA,busia,2015,0.272340252
MCV1,BSA,busia,2027,0.892859266
MCV2,BSA,busia,2027,0.660212386
MCV1,BSA,busia,2016,0.74628398
MCV2,BSA,busia,2016,0.310613142
MCV1,BSA,busia,2030,0.922859266
MCV2,BSA,busia,2030,0.690212386
MCV1,BSA,busia,2021,0.839362043
MCV2,BSA,busia,2021,0.564326758
MCV1,BSA,busia,2020,0.831663648
MCV2,BSA,busia,2020,0.513732331
MCV1,BSA,busia,2014,0.773676162
MCV2,BSA,busia,2014,0
MCV1,BSA,busia,2013,0.726894262
MCV2,BSA,busia,2013,0
MCV1,ELM,elgeyo-marakwet,2015,0.663162713
MCV2,ELM,elgeyo-marakwet,2015,0.209350483
MCV1,ELM,elgeyo-marakwet,2029,0.813661929
MCV2,ELM,elgeyo-marakwet,2029,0.558486
MCV1,ELM,elgeyo-marakwet,2025,0.773661929
MCV2,ELM,elgeyo-marakwet,2025,0.518486
MCV1,ELM,elgeyo-marakwet,2013,0.642346872
MCV2,ELM,elgeyo-marakwet,2013,0
MCV1,ELM,elgeyo-marakwet,2027,0.793661929
MCV2,ELM,elgeyo-marakwet,2027,0.538486
MCV1,ELM,elgeyo-marakwet,2014,0.683706501
MCV2,ELM,elgeyo-marakwet,2014,0
MCV1,ELM,elgeyo-marakwet,2026,0.783661929
MCV2,ELM,elgeyo-marakwet,2026,0.528486
MCV1,ELM,elgeyo-marakwet,2016,0.659498739
MCV2,ELM,elgeyo-marakwet,2016,0.238979584
MCV1,ELM,elgeyo-marakwet,2021,0.74174776
MCV2,ELM,elgeyo-marakwet,2021,0.434941549
MCV1,ELM,elgeyo-marakwet,2024,0.763661929
MCV2,ELM,elgeyo-marakwet,2024,0.508486
MCV1,ELM,elgeyo-marakwet,2028,0.803661929
MCV2,ELM,elgeyo-marakwet,2028,0.548486
MCV1,ELM,elgeyo-marakwet,2030,0.823661929
MCV2,ELM,elgeyo-marakwet,2030,0.568486
MCV1,ELM,elgeyo-marakwet,2020,0.734944663
MCV2,ELM,elgeyo-marakwet,2020,0.395295498
MCV1,ELM,elgeyo-marakwet,2022,0.754947961
MCV2,ELM,elgeyo-marakwet,2022,0.46088747
MCV1,ELM,elgeyo-marakwet,2023,0.753661929
MCV2,ELM,elgeyo-marakwet,2023,0.498486
MCV1,ELM,elgeyo-marakwet,2017,0.60094361
MCV2,ELM,elgeyo-marakwet,2017,0.266737503
MCV1,ELM,elgeyo-marakwet,2018,0.697843206
MCV2,ELM,elgeyo-marakwet,2018,0.343365147
MCV1,ELM,elgeyo-marakwet,2019,0.719734703
MCV2,ELM,elgeyo-marakwet,2019,0.41172078
MCV1,MBU,embu,2029,0.950862183
MCV2,MBU,embu,2029,0.798910682
MCV1,MBU,embu,2016,0.77954272
MCV2,MBU,embu,2016,0.390895683
MCV1,MBU,embu,2028,0.940862183
MCV2,MBU,embu,2028,0.788910682
MCV1,MBU,embu,2025,0.910862183
MCV2,MBU,embu,2025,0.758910682
MCV1,MBU,embu,2024,0.900862183
MCV2,MBU,embu,2024,0.748910682
MCV1,MBU,embu,2017,0.710304691
MCV2,MBU,embu,2017,0.433333323
MCV1,MBU,embu,2013,0.759284655
MCV2,MBU,embu,2013,0
MCV1,MBU,embu,2014,0.808154101
MCV2,MBU,embu,2014,0
MCV1,MBU,embu,2027,0.930862183
MCV2,MBU,embu,2027,0.778910682
MCV1,MBU,embu,2026,0.920862183
MCV2,MBU,embu,2026,0.768910682
MCV1,MBU,embu,2018,0.824861646
MCV2,MBU,embu,2018,0.557592809
MCV1,MBU,embu,2030,0.960862183
MCV2,MBU,embu,2030,0.808910682
MCV1,MBU,embu,2015,0.783905003
MCV2,MBU,embu,2015,0.342372405
MCV1,MBU,embu,2020,0.86872874
MCV2,MBU,embu,2020,0.631346332
MCV1,MBU,embu,2023,0.890862183
MCV2,MBU,embu,2023,0.738910682
MCV1,MBU,embu,2022,0.892353566
MCV2,MBU,embu,2022,0.720458191
MCV1,MBU,embu,2019,0.85073374
MCV2,MBU,embu,2019,0.660573653
MCV1,MBU,embu,2021,0.876770222
MCV2,MBU,embu,2021,0.69188865
MCV1,GSA,garissa,2025,0.821999144
MCV2,GSA,garissa,2025,0.521686789
MCV1,GSA,garissa,2026,0.831999144
MCV2,GSA,garissa,2026,0.531686789
MCV1,GSA,garissa,2028,0.851999144
MCV2,GSA,garissa,2028,0.551686789
MCV1,GSA,garissa,2014,0.727550402
MCV2,GSA,garissa,2014,0
MCV1,GSA,garissa,2015,0.705702929
MCV2,GSA,garissa,2015,0.205790667
MCV1,GSA,garissa,2016,0.701790831
MCV2,GSA,garissa,2016,0.234534037
MCV1,GSA,garissa,2017,0.639478807
MCV2,GSA,garissa,2017,0.254299039
MCV1,GSA,garissa,2018,0.742592374
MCV2,GSA,garissa,2018,0.341926663
MCV1,GSA,garissa,2019,0.765889503
MCV2,GSA,garissa,2019,0.412492316
MCV1,GSA,garissa,2029,0.861999144
MCV2,GSA,garissa,2029,0.561686789
MCV1,GSA,garissa,2013,0.683545392
MCV2,GSA,garissa,2013,0
MCV1,GSA,garissa,2030,0.871999144
MCV2,GSA,garissa,2030,0.571686789
MCV1,GSA,garissa,2024,0.811999144
MCV2,GSA,garissa,2024,0.511686789
MCV1,GSA,garissa,2021,0.789316887
MCV2,GSA,garissa,2021,0.437627749
MCV1,GSA,garissa,2022,0.803357521
MCV2,GSA,garissa,2022,0.46439824
MCV1,GSA,garissa,2027,0.841999144
MCV2,GSA,garissa,2027,0.541686789
MCV1,GSA,garissa,2020,0.782077499
MCV2,GSA,garissa,2020,0.397294439
MCV1,GSA,garissa,2023,0.801999144
MCV2,GSA,garissa,2023,0.501686789
MCV1,HBA,homa bay,2024,0.831288017
MCV2,HBA,homa bay,2024,0.519998019
MCV1,HBA,homa bay,2017,0.654691542
MCV2,HBA,homa bay,2017,0.25590938
MCV1,HBA,homa bay,2019,0.784310456
MCV2,HBA,homa bay,2019,0.420740307
MCV1,HBA,homa bay,2020,0.800872368
MCV2,HBA,homa bay,2020,0.405326982
MCV1,HBA,homa bay,2021,0.808285746
MCV2,HBA,homa bay,2021,0.446440544
MCV1,HBA,homa bay,2018,0.760437148
MCV2,HBA,homa bay,2018,0.348538067
MCV1,HBA,homa bay,2013,0.69998566
MCV2,HBA,homa bay,2013,0
MCV1,HBA,homa bay,2014,0.745033496
MCV2,HBA,homa bay,2014,0
MCV1,HBA,homa bay,2026,0.851288017
MCV2,HBA,homa bay,2026,0.539998019
MCV1,HBA,homa bay,2016,0.718654809
MCV2,HBA,homa bay,2016,0.2382822
MCV1,HBA,homa bay,2030,0.891288017
MCV2,HBA,homa bay,2030,0.579998019
MCV1,HBA,homa bay,2025,0.841288017
MCV2,HBA,homa bay,2025,0.529998019
MCV1,HBA,homa bay,2027,0.861288017
MCV2,HBA,homa bay,2027,0.549998019
MCV1,HBA,homa bay,2029,0.881288017
MCV2,HBA,homa bay,2029,0.569998019
MCV1,HBA,homa bay,2023,0.821288017
MCV2,HBA,homa bay,2023,0.509998019
MCV1,HBA,homa bay,2028,0.871288017
MCV2,HBA,homa bay,2028,0.559998019
MCV1,HBA,homa bay,2015,0.722700227
MCV2,HBA,homa bay,2015,0.209195612
MCV1,HBA,homa bay,2022,0.822669039
MCV2,HBA,homa bay,2022,0.473353279
MCV1,ISO,isiolo,2022,0.976581478
MCV2,ISO,isiolo,2022,0.687466648
MCV1,ISO,isiolo,2023,0.974962144
MCV2,ISO,isiolo,2023,0.708744912
MCV1,ISO,isiolo,2017,0.777305928
MCV2,ISO,isiolo,2017,0.418111718
MCV1,ISO,isiolo,2014,0.884441222
MCV2,ISO,isiolo,2014,0
MCV1,ISO,isiolo,2016,0.853129883
MCV2,ISO,isiolo,2016,0.381963544
MCV1,ISO,isiolo,2021,0.959539927
MCV2,ISO,isiolo,2021,0.663258964
MCV1,ISO,isiolo,2018,0.902725394
MCV2,ISO,isiolo,2018,0.542193748
MCV1,ISO,isiolo,2027,0.99
MCV2,ISO,isiolo,2027,0.748744912
MCV1,ISO,isiolo,2020,0.95073931
MCV2,ISO,isiolo,2020,0.606809396
MCV1,ISO,isiolo,2029,0.99
MCV2,ISO,isiolo,2029,0.768744912
MCV1,ISO,isiolo,2030,0.99
MCV2,ISO,isiolo,2030,0.778744912
MCV1,ISO,isiolo,2024,0.984962144
MCV2,ISO,isiolo,2024,0.718744912
MCV1,ISO,isiolo,2015,0.857909186
MCV2,ISO,isiolo,2015,0.334530456
MCV1,ISO,isiolo,2028,0.99
MCV2,ISO,isiolo,2028,0.758744912
MCV1,ISO,isiolo,2026,0.99
MCV2,ISO,isiolo,2026,0.738744912
MCV1,ISO,isiolo,2013,0.830916473
MCV2,ISO,isiolo,2013,0
MCV1,ISO,isiolo,2025,0.99
MCV2,ISO,isiolo,2025,0.728744912
MCV1,ISO,isiolo,2019,0.931018623
MCV2,ISO,isiolo,2019,0.638427296
MCV1,KJD,kajiado,2013,0.749021177
MCV2,KJD,kajiado,2013,0
MCV1,KJD,kajiado,2030,0.948820197
MCV2,KJD,kajiado,2030,0.707179011
MCV1,KJD,kajiado,2024,0.888820197
MCV2,KJD,kajiado,2024,0.647179011
MCV1,KJD,kajiado,2014,0.79721843
MCV2,KJD,kajiado,2014,0
MCV1,KJD,kajiado,2018,0.813700172
MCV2,KJD,kajiado,2018,0.464586424
MCV1,KJD,kajiado,2019,0.839242441
MCV2,KJD,kajiado,2019,0.554210661
MCV1,KJD,kajiado,2028,0.928820197
MCV2,KJD,kajiado,2028,0.687179011
MCV1,KJD,kajiado,2026,0.908820197
MCV2,KJD,kajiado,2026,0.667179011
MCV1,KJD,kajiado,2017,0.70054976
MCV2,KJD,kajiado,2017,0.350542252
MCV1,KJD,kajiado,2029,0.938820197
MCV2,KJD,kajiado,2029,0.697179011
MCV1,KJD,kajiado,2021,0.864905096
MCV2,KJD,kajiado,2021,0.582982007
MCV1,KJD,kajiado,2027,0.918820197
MCV2,KJD,kajiado,2027,0.677179011
MCV1,KJD,kajiado,2023,0.878820197
MCV2,KJD,kajiado,2023,0.637179011
MCV1,KJD,kajiado,2016,0.768993206
MCV2,KJD,kajiado,2016,0.322114798
MCV1,KJD,kajiado,2022,0.880287688
MCV2,KJD,kajiado,2022,0.610603769
MCV1,KJD,kajiado,2025,0.898820197
MCV2,KJD,kajiado,2025,0.657179011
MCV1,KJD,kajiado,2020,0.856972422
MCV2,KJD,kajiado,2020,0.531109288
MCV1,KJD,kajiado,2015,0.773330474
MCV2,KJD,kajiado,2015,0.282469393
MCV1,KKM,kakamega,2016,0.743116748
MCV2,KKM,kakamega,2016,0.304717058
MCV1,KKM,kakamega,2030,0.919255812
MCV2,KKM,kakamega,2030,0.681308883
MCV1,KKM,kakamega,2015,0.747332911
MCV2,KKM,kakamega,2015,0.267223261
MCV1,KKM,kakamega,2022,0.850662715
MCV2,KKM,kakamega,2022,0.582713983
MCV1,KKM,kakamega,2028,0.899255812
MCV2,KKM,kakamega,2028,0.661308883
MCV1,KKM,kakamega,2021,0.835797289
MCV2,KKM,kakamega,2021,0.554747431
MCV1,KKM,kakamega,2014,0.770392128
MCV2,KKM,kakamega,2014,0
MCV1,KKM,kakamega,2029,0.909255812
MCV2,KKM,kakamega,2029,0.671308883
MCV1,KKM,kakamega,2025,0.869255812
MCV2,KKM,kakamega,2025,0.631308883
MCV1,KKM,kakamega,2020,0.828131571
MCV2,KKM,kakamega,2020,0.50490527
MCV1,KKM,kakamega,2026,0.879255812
MCV2,KKM,kakamega,2026,0.641308883
MCV1,KKM,kakamega,2024,0.859255812
MCV2,KKM,kakamega,2024,0.621308883
MCV1,KKM,kakamega,2023,0.849255812
MCV2,KKM,kakamega,2023,0.611308883
MCV1,KKM,kakamega,2027,0.889255812
MCV2,KKM,kakamega,2027,0.651308883
MCV1,KKM,kakamega,2017,0.676960894
MCV2,KKM,kakamega,2017,0.333018169
MCV1,KKM,kakamega,2013,0.723823091
MCV2,KKM,kakamega,2013,0
MCV1,KKM,kakamega,2018,0.786319263
MCV2,KKM,kakamega,2018,0.439975741
MCV1,KKM,kakamega,2019,0.810953987
MCV2,KKM,kakamega,2019,0.526005671
MCV1,KCH,kericho,2030,0.886239232
MCV2,KCH,kericho,2030,0.680274034
MCV1,KCH,kericho,2028,0.866239232
MCV2,KCH,kericho,2028,0.660274034
MCV1,KCH,kericho,2017,0.650712128
MCV2,KCH,kericho,2017,0.339286369
MCV1,KCH,kericho,2024,0.826239232
MCV2,KCH,kericho,2024,0.620274034
MCV1,KCH,kericho,2018,0.755770155
MCV2,KCH,kericho,2018,0.439495681
MCV1,KCH,kericho,2023,0.816239232
MCV2,KCH,kericho,2023,0.610274034
MCV1,KCH,kericho,2026,0.846239232
MCV2,KCH,kericho,2026,0.640274034
MCV1,KCH,kericho,2013,0.695682465
MCV2,KCH,kericho,2013,0
MCV1,KCH,kericho,2025,0.836239232
MCV2,KCH,kericho,2025,0.630274034
MCV1,KCH,kericho,2027,0.856239232
MCV2,KCH,kericho,2027,0.650274034
MCV1,KCH,kericho,2019,0.779501168
MCV2,KCH,kericho,2019,0.524864134
MCV1,KCH,kericho,2016,0.714244097
MCV2,KCH,kericho,2016,0.305973685
MCV1,KCH,kericho,2020,0.795956467
MCV2,KCH,kericho,2020,0.50364811
MCV1,KCH,kericho,2021,0.803324333
MCV2,KCH,kericho,2021,0.553428157
MCV1,KCH,kericho,2014,0.740460974
MCV2,KCH,kericho,2014,0
MCV1,KCH,kericho,2029,0.876239232
MCV2,KCH,kericho,2029,0.670274034
MCV1,KCH,kericho,2022,0.817617957
MCV2,KCH,kericho,2022,0.581681115
MCV1,KCH,kericho,2015,0.718245451
MCV2,KCH,kericho,2015,0.268105083
MCV1,KIA,kiambu,2021,0.963055417
MCV2,KIA,kiambu,2021,0.777284946
MCV1,KIA,kiambu,2030,0.99
MCV2,KIA,kiambu,2030,0.885479974
MCV1,KIA,kiambu,2014,0.887691849
MCV2,KIA,kiambu,2014,0
MCV1,KIA,kiambu,2015,0.861666637
MCV2,KIA,kiambu,2015,0.397993808
MCV1,KIA,kiambu,2025,0.99
MCV2,KIA,kiambu,2025,0.835479974
MCV1,KIA,kiambu,2022,0.980103927
MCV2,KIA,kiambu,2022,0.802607846
MCV1,KIA,kiambu,2020,0.954222799
MCV2,KIA,kiambu,2020,0.711645921
MCV1,KIA,kiambu,2028,0.99
MCV2,KIA,kiambu,2028,0.865479974
MCV1,KIA,kiambu,2026,0.99
MCV2,KIA,kiambu,2026,0.845479974
MCV1,KIA,kiambu,2027,0.99
MCV2,KIA,kiambu,2027,0.855479974
MCV1,KIA,kiambu,2013,0.83427874
MCV2,KIA,kiambu,2013,0
MCV1,KIA,kiambu,2029,0.99
MCV2,KIA,kiambu,2029,0.875479974
MCV1,KIA,kiambu,2019,0.934083197
MCV2,KIA,kiambu,2019,0.749158065
MCV1,KIA,kiambu,2016,0.856265531
MCV2,KIA,kiambu,2016,0.454275722
MCV1,KIA,kiambu,2017,0.779441946
MCV2,KIA,kiambu,2017,0.505436207
MCV1,KIA,kiambu,2018,0.906042512
MCV2,KIA,kiambu,2018,0.639431847
MCV1,KIA,kiambu,2024,0.988583266
MCV2,KIA,kiambu,2024,0.825479974
MCV1,KIA,kiambu,2023,0.978583266
MCV2,KIA,kiambu,2023,0.815479974
MCV1,KIF,kilifi,2017,0.629654474
MCV2,KIF,kilifi,2017,0.298659051
MCV1,KIF,kilifi,2028,0.839897247
MCV2,KIF,kilifi,2028,0.601785874
MCV1,KIF,kilifi,2013,0.673230897
MCV2,KIF,kilifi,2013,0
MCV1,KIF,kilifi,2014,0.716552137
MCV2,KIF,kilifi,2014,0
MCV1,KIF,kilifi,2015,0.695088882
MCV2,KIF,kilifi,2015,0.236239788
MCV1,KIF,kilifi,2016,0.691181868
MCV2,KIF,kilifi,2016,0.269537181
MCV1,KIF,kilifi,2027,0.829897247
MCV2,KIF,kilifi,2027,0.591785874
MCV1,KIF,kilifi,2029,0.849897247
MCV2,KIF,kilifi,2029,0.611785874
MCV1,KIF,kilifi,2018,0.731367398
MCV2,KIF,kilifi,2018,0.388082127
MCV1,KIF,kilifi,2019,0.754325238
MCV2,KIF,kilifi,2019,0.464889163
MCV1,KIF,kilifi,2020,0.770254609
MCV2,KIF,kilifi,2020,0.446550981
MCV1,KIF,kilifi,2021,0.777384579
MCV2,KIF,kilifi,2021,0.491150696
MCV1,KIF,kilifi,2022,0.791220509
MCV2,KIF,kilifi,2022,0.518474133
MCV1,KIF,kilifi,2024,0.799897247
MCV2,KIF,kilifi,2024,0.561785874
MCV1,KIF,kilifi,2030,0.859897247
MCV2,KIF,kilifi,2030,0.621785874
MCV1,KIF,kilifi,2026,0.819897247
MCV2,KIF,kilifi,2026,0.581785874
MCV1,KIF,kilifi,2025,0.809897247
MCV2,KIF,kilifi,2025,0.571785874
MCV1,KIF,kilifi,2023,0.789897247
MCV2,KIF,kilifi,2023,0.551785874
MCV1,KGA,kirinyaga,2014,0.893868779
MCV2,KGA,kirinyaga,2014,0
MCV1,KGA,kirinyaga,2015,0.867067859
MCV2,KGA,kirinyaga,2015,0.422987715
MCV1,KGA,kirinyaga,2030,0.99
MCV2,KGA,kirinyaga,2030,0.927013644
MCV1,KGA,kirinyaga,2025,0.99
MCV2,KGA,kirinyaga,2025,0.877013644
MCV1,KGA,kirinyaga,2020,0.960873965
MCV2,KGA,kirinyaga,2020,0.752899396
MCV1,KGA,kirinyaga,2016,0.8622243
MCV2,KGA,kirinyaga,2016,0.483571024
MCV1,KGA,kirinyaga,2013,0.839826919
MCV2,KGA,kirinyaga,2013,0
MCV1,KGA,kirinyaga,2023,0.985360459
MCV2,KGA,kirinyaga,2023,0.857013644
MCV1,KGA,kirinyaga,2027,0.99
MCV2,KGA,kirinyaga,2027,0.897013644
MCV1,KGA,kirinyaga,2021,0.969768399
MCV2,KGA,kirinyaga,2021,0.821952555
MCV1,KGA,kirinyaga,2022,0.98699328
MCV2,KGA,kirinyaga,2022,0.847561643
MCV1,KGA,kirinyaga,2017,0.785629294
MCV2,KGA,kirinyaga,2017,0.542365925
MCV1,KGA,kirinyaga,2024,0.99
MCV2,KGA,kirinyaga,2024,0.867013644
MCV1,KGA,kirinyaga,2018,0.912346951
MCV2,KGA,kirinyaga,2018,0.678343419
MCV1,KGA,kirinyaga,2026,0.99
MCV2,KGA,kirinyaga,2026,0.887013644
MCV1,KGA,kirinyaga,2029,0.99
MCV2,KGA,kirinyaga,2029,0.917013644
MCV1,KGA,kirinyaga,2019,0.940961204
MCV2,KGA,kirinyaga,2019,0.793681081
MCV1,KGA,kirinyaga,2028,0.99
MCV2,KGA,kirinyaga,2028,0.907013644
MCV1,KIS,kisii,2013,0.693966811
MCV2,KIS,kisii,2013,0
MCV1,KIS,kisii,2020,0.793987363
MCV2,KIS,kisii,2020,0.468200165
MCV1,KIS,kisii,2019,0.777569379
MCV2,KIS,kisii,2019,0.487363977
MCV1,KIS,kisii,2025,0.834226254
MCV2,KIS,kisii,2025,0.594119988
MCV1,KIS,kisii,2021,0.801337008
MCV2,KIS,kisii,2021,0.514847693
MCV1,KIS,kisii,2018,0.753900365
MCV2,KIS,kisii,2018,0.406844923
MCV1,KIS,kisii,2029,0.874226254
MCV2,KIS,kisii,2029,0.634119988
MCV1,KIS,kisii,2024,0.824226254
MCV2,KIS,kisii,2024,0.584119988
MCV1,KIS,kisii,2030,0.884226254
MCV2,KIS,kisii,2030,0.644119988
MCV1,KIS,kisii,2023,0.814226254
MCV2,KIS,kisii,2023,0.574119988
MCV1,KIS,kisii,2026,0.844226254
MCV2,KIS,kisii,2026,0.604119988
MCV1,KIS,kisii,2017,0.649064533
MCV2,KIS,kisii,2017,0.31016014
MCV1,KIS,kisii,2027,0.854226254
MCV2,KIS,kisii,2027,0.614119988
MCV1,KIS,kisii,2014,0.738629025
MCV2,KIS,kisii,2014,0
MCV1,KIS,kisii,2028,0.864226254
MCV2,KIS,kisii,2028,0.624119988
MCV1,KIS,kisii,2022,0.815597888
MCV2,KIS,kisii,2022,0.542621253
MCV1,KIS,kisii,2015,0.716484064
MCV2,KIS,kisii,2015,0.247135646
MCV1,KIS,kisii,2016,0.712476958
MCV2,KIS,kisii,2016,0.281894817
MCV1,KSU,kisumu,2023,0.890381807
MCV2,KSU,kisumu,2023,0.628953175
MCV1,KSU,kisumu,2016,0.779109276
MCV2,KSU,kisumu,2016,0.317096015
MCV1,KSU,kisumu,2014,0.807705582
MCV2,KSU,kisumu,2014,0
MCV1,KSU,kisumu,2015,0.78350488
MCV2,KSU,kisumu,2015,0.278129769
MCV1,KSU,kisumu,2030,0.960381807
MCV2,KSU,kisumu,2030,0.698953175
MCV1,KSU,kisumu,2013,0.758875305
MCV2,KSU,kisumu,2013,0
MCV1,KSU,kisumu,2029,0.950381807
MCV2,KSU,kisumu,2029,0.688953175
MCV1,KSU,kisumu,2022,0.891866829
MCV2,KSU,kisumu,2022,0.601677635
MCV1,KSU,kisumu,2025,0.910381807
MCV2,KSU,kisumu,2025,0.648953175
MCV1,KSU,kisumu,2017,0.709765614
MCV2,KSU,kisumu,2017,0.343150211
MCV1,KSU,kisumu,2028,0.940381807
MCV2,KSU,kisumu,2028,0.678953175
MCV1,KSU,kisumu,2021,0.876283388
MCV2,KSU,kisumu,2021,0.574542237
MCV1,KSU,kisumu,2024,0.900381807
MCV2,KSU,kisumu,2024,0.638953175
MCV1,KSU,kisumu,2027,0.930381807
MCV2,KSU,kisumu,2027,0.668953175
MCV1,KSU,kisumu,2018,0.824403978
MCV2,KSU,kisumu,2018,0.458004454
MCV1,KSU,kisumu,2026,0.920381807
MCV2,KSU,kisumu,2026,0.658953175
MCV1,KSU,kisumu,2020,0.868246356
MCV2,KSU,kisumu,2020,0.523506482
MCV1,KSU,kisumu,2019,0.850281711
MCV2,KSU,kisumu,2019,0.546449156
MCV1,KTU,kitui,2018,0.746161633
MCV2,KTU,kitui,2018,0.421800886
MCV1,KTU,kitui,2023,0.805863293
MCV2,KTU,kitui,2023,0.590184752
MCV1,KTU,kitui,2019,0.769590176
MCV2,KTU,kitui,2019,0.50422029
MCV1,KTU,kitui,2029,0.865863293
MCV2,KTU,kitui,2029,0.650184752
MCV1,KTU,kitui,2017,0.642405488
MCV2,KTU,kitui,2017,0.32553615
MCV1,KTU,kitui,2025,0.825863293
MCV2,KTU,kitui,2025,0.610184752
MCV1,KTU,kitui,2013,0.686838916
MCV2,KTU,kitui,2013,0
MCV1,KTU,kitui,2030,0.875863293
MCV2,KTU,kitui,2030,0.660184752
MCV1,KTU,kitui,2026,0.835863293
MCV2,KTU,kitui,2026,0.620184752
MCV1,KTU,kitui,2015,0.709118404
MCV2,KTU,kitui,2015,0.257170874
MCV1,KTU,kitui,2027,0.845863293
MCV2,KTU,kitui,2027,0.630184752
MCV1,KTU,kitui,2024,0.815863293
MCV2,KTU,kitui,2024,0.600184752
MCV1,KTU,kitui,2014,0.731046934
MCV2,KTU,kitui,2014,0
MCV1,KTU,kitui,2028,0.855863293
MCV2,KTU,kitui,2028,0.640184752
MCV1,KTU,kitui,2016,0.705163163
MCV2,KTU,kitui,2016,0.293483844
MCV1,KTU,kitui,2021,0.793110455
MCV2,KTU,kitui,2021,0.532013933
MCV1,KTU,kitui,2020,0.785836265
MCV2,KTU,kitui,2020,0.484005159
MCV1,KTU,kitui,2022,0.807225356
MCV2,KTU,kitui,2022,0.559982416
MCV1,KLE,kwale,2027,0.838055862
MCV2,KLE,kwale,2027,0.62372433
MCV1,KLE,kwale,2014,0.723963716
MCV2,KLE,kwale,2014,0
MCV1,KLE,kwale,2015,0.702249995
MCV2,KLE,kwale,2015,0.254088819
MCV1,KLE,kwale,2029,0.858055862
MCV2,KLE,kwale,2029,0.64372433
MCV1,KLE,kwale,2030,0.868055862
MCV2,KLE,kwale,2030,0.65372433
MCV1,KLE,kwale,2025,0.818055862
MCV2,KLE,kwale,2025,0.60372433
MCV1,KLE,kwale,2018,0.738932084
MCV2,KLE,kwale,2018,0.416424664
MCV1,KLE,kwale,2024,0.808055862
MCV2,KLE,kwale,2024,0.59372433
MCV1,KLE,kwale,2013,0.680184537
MCV2,KLE,kwale,2013,0
MCV1,KLE,kwale,2016,0.698330578
MCV2,KLE,kwale,2016,0.289996884
MCV1,KLE,kwale,2017,0.636179484
MCV2,KLE,kwale,2017,0.322432592
MCV1,KLE,kwale,2019,0.762133286
MCV2,KLE,kwale,2019,0.49774726
MCV1,KLE,kwale,2026,0.828055862
MCV2,KLE,kwale,2026,0.61372433
MCV1,KLE,kwale,2020,0.778221704
MCV2,KLE,kwale,2020,0.477753803
MCV1,KLE,kwale,2021,0.785425411
MCV2,KLE,kwale,2021,0.525166111
MCV1,KLE,kwale,2022,0.799405579
MCV2,KLE,kwale,2022,0.553001997
MCV1,KLE,kwale,2028,0.848055862
MCV2,KLE,kwale,2028,0.63372433
MCV1,KLE,kwale,2023,0.798055862
MCV2,KLE,kwale,2023,0.58372433
MCV1,LKP,laikipia,2018,0.831395926
MCV2,LKP,laikipia,2018,0.535532151
MCV1,LKP,laikipia,2017,0.715940718
MCV2,LKP,laikipia,2017,0.412651661
MCV1,LKP,laikipia,2025,0.917921661
MCV2,LKP,laikipia,2025,0.733834782
MCV1,LKP,laikipia,2019,0.857477534
MCV2,LKP,laikipia,2019,0.635106317
MCV1,LKP,laikipia,2026,0.927921661
MCV2,LKP,laikipia,2026,0.743834782
MCV1,LKP,laikipia,2028,0.947921661
MCV2,LKP,laikipia,2028,0.763834782
MCV1,LKP,laikipia,2027,0.937921661
MCV2,LKP,laikipia,2027,0.753834782
MCV1,LKP,laikipia,2024,0.907921661
MCV2,LKP,laikipia,2024,0.723834782
MCV1,LKP,laikipia,2020,0.875611223
MCV2,LKP,laikipia,2020,0.607078827
MCV1,LKP,laikipia,2021,0.883716415
MCV2,LKP,laikipia,2021,0.665363066
MCV1,LKP,laikipia,2016,0.785718295
MCV2,LKP,laikipia,2016,0.374519388
MCV1,LKP,laikipia,2030,0.967921661
MCV2,LKP,laikipia,2030,0.783834782
MCV1,LKP,laikipia,2013,0.765301559
MCV2,LKP,laikipia,2013,0
MCV1,LKP,laikipia,2014,0.8145568
MCV2,LKP,laikipia,2014,0
MCV1,LKP,laikipia,2022,0.899423608
MCV2,LKP,laikipia,2022,0.693345599
MCV1,LKP,laikipia,2023,0.897921661
MCV2,LKP,laikipia,2023,0.713834782
MCV1,LKP,laikipia,2015,0.790119633
MCV2,LKP,laikipia,2015,0.328128385
MCV1,LKP,laikipia,2029,0.957921661
MCV2,LKP,laikipia,2029,0.773834782
MCV1,LMU,lamu,2013,0.695550361
MCV2,LMU,lamu,2013,0
MCV1,LMU,lamu,2014,0.740370126
MCV2,LMU,lamu,2014,0
MCV1,LMU,lamu,2021,0.803225782
MCV2,LMU,lamu,2021,0.481202594
MCV1,LMU,lamu,2022,0.817507926
MCV2,LMU,lamu,2022,0.508540264
MCV1,LMU,lamu,2023,0.816043742
MCV2,LMU,lamu,2023,0.542459716
MCV1,LMU,lamu,2020,0.795858834
MCV2,LMU,lamu,2020,0.437281536
MCV1,LMU,lamu,2016,0.714155589
MCV2,LMU,lamu,2016,0.260569745
MCV1,LMU,lamu,2017,0.650675872
MCV2,LMU,lamu,2017,0.283936778
MCV1,LMU,lamu,2018,0.755677707
MCV2,LMU,lamu,2018,0.378220886
MCV1,LMU,lamu,2019,0.779353295
MCV2,LMU,lamu,2019,0.454557901
MCV1,LMU,lamu,2028,0.866043742
MCV2,LMU,lamu,2028,0.592459716
MCV1,LMU,lamu,2025,0.836043742
MCV2,LMU,lamu,2025,0.562459716
MCV1,LMU,lamu,2024,0.826043742
MCV2,LMU,lamu,2024,0.552459716
MCV1,LMU,lamu,2030,0.886043742
MCV2,LMU,lamu,2030,0.612459716
MCV1,LMU,lamu,2015,0.717954124
MCV2,LMU,lamu,2015,0.228414323
MCV1,LMU,lamu,2027,0.856043742
MCV2,LMU,lamu,2027,0.582459716
MCV1,LMU,lamu,2026,0.846043742
MCV2,LMU,lamu,2026,0.572459716
MCV1,LMU,lamu,2029,0.876043742
MCV2,LMU,lamu,2029,0.602459716
MCV1,MCH,machakos,2015,0.839024108
MCV2,MCH,machakos,2015,0.382225485
MCV1,MCH,machakos,2014,0.864926425
MCV2,MCH,machakos,2014,0
MCV1,MCH,machakos,2028,0.99
MCV2,MCH,machakos,2028,0.846206531
MCV1,MCH,machakos,2016,0.834305386
MCV2,MCH,machakos,2016,0.436605367
MCV1,MCH,machakos,2030,0.99
MCV2,MCH,machakos,2030,0.866206531
MCV1,MCH,machakos,2021,0.938366629
MCV2,MCH,machakos,2021,0.755517587
MCV1,MCH,machakos,2025,0.973467208
MCV2,MCH,machakos,2025,0.816206531
MCV1,MCH,machakos,2013,0.81264392
MCV2,MCH,machakos,2013,0
MCV1,MCH,machakos,2020,0.929760188
MCV2,MCH,machakos,2020,0.691048993
MCV1,MCH,machakos,2026,0.983467208
MCV2,MCH,machakos,2026,0.826206531
MCV1,MCH,machakos,2022,0.95504552
MCV2,MCH,machakos,2022,0.78203795
MCV1,MCH,machakos,2019,0.910514037
MCV2,MCH,machakos,2019,0.7264079
MCV1,MCH,machakos,2024,0.963467208
MCV2,MCH,machakos,2024,0.806206531
MCV1,MCH,machakos,2017,0.760047951
MCV2,MCH,machakos,2017,0.484785327
MCV1,MCH,machakos,2018,0.882806949
MCV2,MCH,machakos,2018,0.617552827
MCV1,MCH,machakos,2027,0.99
MCV2,MCH,machakos,2027,0.836206531
MCV1,MCH,machakos,2023,0.953467208
MCV2,MCH,machakos,2023,0.796206531
MCV1,MCH,machakos,2029,0.99
MCV2,MCH,machakos,2029,0.856206531
MCV1,MKU,makueni,2017,0.781247862
MCV2,MKU,makueni,2017,0.502091844
MCV1,MKU,makueni,2016,0.85746044
MCV2,MKU,makueni,2016,0.450721533
MCV1,MKU,makueni,2030,0.99
MCV2,MKU,makueni,2030,0.879750578
MCV1,MKU,makueni,2018,0.907307268
MCV2,MKU,makueni,2018,0.634531488
MCV1,MKU,makueni,2024,0.989921182
MCV2,MKU,makueni,2024,0.819750578
MCV1,MKU,makueni,2023,0.979921182
MCV2,MKU,makueni,2023,0.809750578
MCV1,MKU,makueni,2028,0.99
MCV2,MKU,makueni,2028,0.859750578
MCV1,MKU,makueni,2022,0.981545742
MCV2,MKU,makueni,2022,0.796539247
MCV1,MKU,makueni,2026,0.99
MCV2,MKU,makueni,2026,0.839750578
MCV1,MKU,makueni,2015,0.86228922
MCV2,MKU,makueni,2015,0.394413508
MCV1,MKU,makueni,2013,0.835190974
MCV2,MKU,makueni,2013,0
MCV1,MKU,makueni,2025,0.99
MCV2,MKU,makueni,2025,0.829750578
MCV1,MKU,makueni,2027,0.99
MCV2,MKU,makueni,2027,0.849750578
MCV1,MKU,makueni,2029,0.99
MCV2,MKU,makueni,2029,0.869750578
MCV1,MKU,makueni,2014,0.888930844
MCV2,MKU,makueni,2014,0
MCV1,MKU,makueni,2020,0.955565082
MCV2,MKU,makueni,2020,0.706171062
MCV1,MKU,makueni,2021,0.964410378
MCV2,MKU,makueni,2021,0.77125433
MCV1,MKU,makueni,2019,0.93578154
MCV2,MKU,makueni,2019,0.743920094
MCV1,MDR,mandera,2020,0.825777925
MCV2,MDR,mandera,2020,0.364908192
MCV1,MDR,mandera,2021,0.833421835
MCV2,MDR,mandera,2021,0.402403044
MCV1,MDR,mandera,2024,0.856820685
MCV2,MDR,mandera,2024,0.478522625
MCV1,MDR,mandera,2030,0.916820685
MCV2,MDR,mandera,2030,0.538522625
MCV1,MDR,mandera,2019,0.80869908
MCV2,MDR,mandera,2019,0.377898655
MCV1,MDR,mandera,2018,0.784083569
MCV2,MDR,mandera,2018,0.310723107
MCV1,MDR,mandera,2014,0.7682013
MCV2,MDR,mandera,2014,0
MCV1,MDR,mandera,2013,0.721747476
MCV2,MDR,mandera,2013,0
MCV1,MDR,mandera,2029,0.906820685
MCV2,MDR,mandera,2029,0.528522625
MCV1,MDR,mandera,2028,0.896820685
MCV2,MDR,mandera,2028,0.518522625
MCV1,MDR,mandera,2017,0.675137458
MCV2,MDR,mandera,2017,0.216670603
MCV1,MDR,mandera,2027,0.886820685
MCV2,MDR,mandera,2027,0.508522625
MCV1,MDR,mandera,2025,0.866820685
MCV2,MDR,mandera,2025,0.488522625
MCV1,MDR,mandera,2026,0.876820685
MCV2,MDR,mandera,2026,0.498522625
MCV1,MDR,mandera,2016,0.741002849
MCV2,MDR,mandera,2016,0.209023639
MCV1,MDR,mandera,2022,0.848245795
MCV2,MDR,mandera,2022,0.428529416
MCV1,MDR,mandera,2023,0.846820685
MCV2,MDR,mandera,2023,0.468522625
MCV1,MDR,mandera,2015,0.74515612
MCV2,MDR,mandera,2015,0.183832661
MCV1,MRS,marsabit,2023,0.718345835
MCV2,MRS,marsabit,2023,0.414619145
MCV1,MRS,marsabit,2026,0.748345835
MCV2,MRS,marsabit,2026,0.444619145
MCV1,MRS,marsabit,2016,0.628599406
MCV2,MRS,marsabit,2016,0.188575985
MCV1,MRS,marsabit,2025,0.738345835
MCV2,MRS,marsabit,2025,0.434619145
MCV1,MRS,marsabit,2022,0.71957901
MCV2,MRS,marsabit,2022,0.370206816
MCV1,MRS,marsabit,2024,0.728345835
MCV2,MRS,marsabit,2024,0.424619145
MCV1,MRS,marsabit,2030,0.788345835
MCV2,MRS,marsabit,2030,0.484619145
MCV1,MRS,marsabit,2015,0.632081881
MCV2,MRS,marsabit,2015,0.165231661
MCV1,MRS,marsabit,2027,0.758345835
MCV2,MRS,marsabit,2027,0.454619145
MCV1,MRS,marsabit,2021,0.70699293
MCV2,MRS,marsabit,2021,0.346420118
MCV1,MRS,marsabit,2020,0.700508595
MCV2,MRS,marsabit,2020,0.314493738
MCV1,MRS,marsabit,2013,0.612246444
MCV2,MRS,marsabit,2013,0
MCV1,MRS,marsabit,2014,0.651673349
MCV2,MRS,marsabit,2014,0
MCV1,MRS,marsabit,2029,0.778345835
MCV2,MRS,marsabit,2029,0.474619145
MCV1,MRS,marsabit,2019,0.686012783
MCV2,MRS,marsabit,2019,0.327578151
MCV1,MRS,marsabit,2028,0.768345835
MCV2,MRS,marsabit,2028,0.464619145
MCV1,MRS,marsabit,2017,0.572788439
MCV2,MRS,marsabit,2017,0.209934533
MCV1,MRS,marsabit,2018,0.665148698
MCV2,MRS,marsabit,2018,0.271840283
MCV1,MRU,meru,2026,0.833003953
MCV2,MRU,meru,2026,0.611651524
MCV1,MRU,meru,2030,0.873003953
MCV2,MRU,meru,2030,0.651651524
MCV1,MRU,meru,2025,0.823003953
MCV2,MRU,meru,2025,0.601651524
MCV1,MRU,meru,2018,0.743507253
MCV2,MRU,meru,2018,0.414230818
MCV1,MRU,meru,2017,0.64011259
MCV2,MRU,meru,2017,0.319325107
MCV1,MRU,meru,2024,0.813003953
MCV2,MRU,meru,2024,0.591651524
MCV1,MRU,meru,2023,0.803003953
MCV2,MRU,meru,2023,0.581651524
MCV1,MRU,meru,2027,0.843003953
MCV2,MRU,meru,2027,0.621651524
MCV1,MRU,meru,2029,0.863003953
MCV2,MRU,meru,2029,0.641651524
MCV1,MRU,meru,2016,0.702654513
MCV2,MRU,meru,2016,0.288054421
MCV1,MRU,meru,2028,0.853003953
MCV2,MRU,meru,2028,0.631651524
MCV1,MRU,meru,2014,0.728446276
MCV2,MRU,meru,2014,0
MCV1,MRU,meru,2015,0.70661387
MCV2,MRU,meru,2015,0.252439553
MCV1,MRU,meru,2020,0.783040828
MCV2,MRU,meru,2020,0.475655376
MCV1,MRU,meru,2013,0.684401901
MCV2,MRU,meru,2013,0
MCV1,MRU,meru,2022,0.804354197
MCV2,MRU,meru,2022,0.550750839
MCV1,MRU,meru,2019,0.766848645
MCV2,MRU,meru,2019,0.495424484
MCV1,MRU,meru,2021,0.79028915
MCV2,MRU,meru,2021,0.522913949
MCV1,MIG,migori,2025,0.930410701
MCV2,MIG,migori,2025,0.687439005
MCV1,MIG,migori,2024,0.920410701
MCV2,MIG,migori,2024,0.677439005
MCV1,MIG,migori,2030,0.980410701
MCV2,MIG,migori,2030,0.737439005
MCV1,MIG,migori,2026,0.940410701
MCV2,MIG,migori,2026,0.697439005
MCV1,MIG,migori,2021,0.895992548
MCV2,MIG,migori,2021,0.616291677
MCV1,MIG,migori,2027,0.950410701
MCV2,MIG,migori,2027,0.707439005
MCV1,MIG,migori,2028,0.960410701
MCV2,MIG,migori,2028,0.717439005
MCV1,MIG,migori,2013,0.775946235
MCV2,MIG,migori,2013,0
MCV1,MIG,migori,2014,0.825871041
MCV2,MIG,migori,2014,0
MCV1,MIG,migori,2015,0.801134107
MCV2,MIG,migori,2015,0.301964356
MCV1,MIG,migori,2016,0.796631956
MCV2,MIG,migori,2016,0.34441901
MCV1,MIG,migori,2017,0.725726757
MCV2,MIG,migori,2017,0.374613314
MCV1,MIG,migori,2018,0.84294472
MCV2,MIG,migori,2018,0.494839005
MCV1,MIG,migori,2019,0.869402358
MCV2,MIG,migori,2019,0.588048533
MCV1,MIG,migori,2020,0.887774748
MCV2,MIG,migori,2020,0.56219635
MCV1,MIG,migori,2029,0.970410701
MCV2,MIG,migori,2029,0.727439005
MCV1,MIG,migori,2022,0.911923391
MCV2,MIG,migori,2022,0.643161132
MCV1,MIG,migori,2023,0.910410701
MCV2,MIG,migori,2023,0.667439005
MCV1,MSA,mombasa,2013,0.709675777
MCV2,MSA,mombasa,2013,0
MCV1,MSA,mombasa,2014,0.755344222
MCV2,MSA,mombasa,2014,0
MCV1,MSA,mombasa,2015,0.732708387
MCV2,MSA,mombasa,2015,0.271036533
MCV1,MSA,mombasa,2018,0.770960885
MCV2,MSA,mombasa,2018,0.445053268
MCV1,MSA,mombasa,2019,0.795162964
MCV2,MSA,mombasa,2019,0.531651275
MCV1,MSA,mombasa,2020,0.811956728
MCV2,MSA,mombasa,2020,0.510190674
MCV1,MSA,mombasa,2021,0.819472711
MCV2,MSA,mombasa,2021,0.560557696
MCV1,MSA,mombasa,2022,0.834053024
MCV2,MSA,mombasa,2022,0.588819486
MCV1,MSA,mombasa,2023,0.832657183
MCV2,MSA,mombasa,2023,0.616912108
MCV1,MSA,mombasa,2029,0.892657183
MCV2,MSA,mombasa,2029,0.676912108
MCV1,MSA,mombasa,2025,0.852657183
MCV2,MSA,mombasa,2025,0.636912108
MCV1,MSA,mombasa,2026,0.862657183
MCV2,MSA,mombasa,2026,0.646912108
MCV1,MSA,mombasa,2027,0.872657183
MCV2,MSA,mombasa,2027,0.656912108
MCV1,MSA,mombasa,2017,0.66375037
MCV2,MSA,mombasa,2017,0.34082333
MCV1,MSA,mombasa,2024,0.842657183
MCV2,MSA,mombasa,2024,0.626912108
MCV1,MSA,mombasa,2028,0.882657183
MCV2,MSA,mombasa,2028,0.666912108
MCV1,MSA,mombasa,2016,0.728600691
MCV2,MSA,mombasa,2016,0.30921196
MCV1,MSA,mombasa,2030,0.902657183
MCV2,MSA,mombasa,2030,0.686912108
MCV1,MGA,murang'a,2013,0.742357915
MCV2,MGA,murang'a,2013,0
MCV1,MGA,murang'a,2018,0.806468048
MCV2,MGA,murang'a,2018,0.536948145
MCV1,MGA,murang'a,2015,0.766441461
MCV2,MGA,murang'a,2015,0.329270861
MCV1,MGA,murang'a,2023,0.871002392
MCV2,MGA,murang'a,2023,0.717618248
MCV1,MGA,murang'a,2017,0.694328883
MCV2,MGA,murang'a,2017,0.417101086
MCV1,MGA,murang'a,2019,0.83178677
MCV2,MGA,murang'a,2019,0.637252689
MCV1,MGA,murang'a,2022,0.872462505
MCV2,MGA,murang'a,2022,0.69752338
MCV1,MGA,murang'a,2016,0.762158207
MCV2,MGA,murang'a,2016,0.375897154
MCV1,MGA,murang'a,2026,0.901002392
MCV2,MGA,murang'a,2026,0.747618248
MCV1,MGA,murang'a,2029,0.931002392
MCV2,MGA,murang'a,2029,0.777618248
MCV1,MGA,murang'a,2014,0.790132695
MCV2,MGA,murang'a,2014,0
MCV1,MGA,murang'a,2030,0.941002392
MCV2,MGA,murang'a,2030,0.787618248
MCV1,MGA,murang'a,2025,0.891002392
MCV2,MGA,murang'a,2025,0.737618248
MCV1,MGA,murang'a,2027,0.911002392
MCV2,MGA,murang'a,2027,0.757618248
MCV1,MGA,murang'a,2020,0.84935483
MCV2,MGA,murang'a,2020,0.609708391
MCV1,MGA,murang'a,2024,0.881002392
MCV2,MGA,murang'a,2024,0.727618248
MCV1,MGA,murang'a,2021,0.857216985
MCV2,MGA,murang'a,2021,0.668611234
MCV1,MGA,murang'a,2028,0.921002392
MCV2,MGA,murang'a,2028,0.767618248
MCV1,NBO,nairobi,2014,0.790412081
MCV2,NBO,nairobi,2014,0
MCV1,NBO,nairobi,2019,0.830567447
MCV2,NBO,nairobi,2019,0.568466547
MCV1,NBO,nairobi,2020,0.849642524
MCV2,NBO,nairobi,2020,0.546681529
MCV1,NBO,nairobi,2026,0.903151261
MCV2,NBO,nairobi,2026,0.685576059
MCV1,NBO,nairobi,2018,0.806753776
MCV2,NBO,nairobi,2018,0.478778176
MCV1,NBO,nairobi,2015,0.771202073
MCV2,NBO,nairobi,2015,0.295425119
MCV1,NBO,nairobi,2013,0.744317362
MCV2,NBO,nairobi,2013,0
MCV1,NBO,nairobi,2030,0.943151261
MCV2,NBO,nairobi,2030,0.725576059
MCV1,NBO,nairobi,2025,0.893151261
MCV2,NBO,nairobi,2025,0.675576059
MCV1,NBO,nairobi,2029,0.933151261
MCV2,NBO,nairobi,2029,0.715576059
MCV1,NBO,nairobi,2021,0.857506772
MCV2,NBO,nairobi,2021,0.600149261
MCV1,NBO,nairobi,2024,0.883151261
MCV2,NBO,nairobi,2024,0.665576059
MCV1,NBO,nairobi,2028,0.923151261
MCV2,NBO,nairobi,2028,0.705576059
MCV1,NBO,nairobi,2016,0.762426837
MCV2,NBO,nairobi,2016,0.332833297
MCV1,NBO,nairobi,2027,0.913151261
MCV2,NBO,nairobi,2027,0.695576059
MCV1,NBO,nairobi,2022,0.872461814
MCV2,NBO,nairobi,2022,0.627498191
MCV1,NBO,nairobi,2023,0.873151261
MCV2,NBO,nairobi,2023,0.655576059
MCV1,NBO,nairobi,2017,0.691280398
MCV2,NBO,nairobi,2017,0.360823691
MCV1,NKU,nakuru,2016,0.769170782
MCV2,NKU,nakuru,2016,0.350562821
MCV1,NKU,nakuru,2023,0.87903739
MCV2,NKU,nakuru,2023,0.679584868
MCV1,NKU,nakuru,2015,0.7737097
MCV2,NKU,nakuru,2015,0.30740668
MCV1,NKU,nakuru,2026,0.90903739
MCV2,NKU,nakuru,2026,0.709584868
MCV1,NKU,nakuru,2017,0.700342202
MCV2,NKU,nakuru,2017,0.384801179
MCV1,NKU,nakuru,2018,0.81388744
MCV2,NKU,nakuru,2018,0.502963348
MCV1,NKU,nakuru,2027,0.91903739
MCV2,NKU,nakuru,2027,0.719584868
MCV1,NKU,nakuru,2030,0.94903739
MCV2,NKU,nakuru,2030,0.749584868
MCV1,NKU,nakuru,2025,0.89903739
MCV2,NKU,nakuru,2025,0.699584868
MCV1,NKU,nakuru,2022,0.880434154
MCV2,NKU,nakuru,2022,0.656301265
MCV1,NKU,nakuru,2024,0.88903739
MCV2,NKU,nakuru,2024,0.689584868
MCV1,NKU,nakuru,2029,0.93903739
MCV2,NKU,nakuru,2029,0.739584868
MCV1,NKU,nakuru,2014,0.797402143
MCV2,NKU,nakuru,2014,0
MCV1,NKU,nakuru,2020,0.857161188
MCV2,NKU,nakuru,2020,0.572656568
MCV1,NKU,nakuru,2021,0.865095633
MCV2,NKU,nakuru,2021,0.628217056
MCV1,NKU,nakuru,2028,0.92903739
MCV2,NKU,nakuru,2028,0.729584868
MCV1,NKU,nakuru,2013,0.749306162
MCV2,NKU,nakuru,2013,0
MCV1,NKU,nakuru,2019,0.839142148
MCV2,NKU,nakuru,2019,0.597784678
MCV1,NDI,nandi,2020,0.813981135
MCV2,NDI,nandi,2020,0.519903007
MCV1,NDI,nandi,2013,0.711437224
MCV2,NDI,nandi,2013,0
MCV1,NDI,nandi,2019,0.797150614
MCV2,NDI,nandi,2019,0.541935465
MCV1,NDI,nandi,2030,0.904723909
MCV2,NDI,nandi,2030,0.696786391
MCV1,NDI,nandi,2026,0.864723909
MCV2,NDI,nandi,2026,0.656786391
MCV1,NDI,nandi,2021,0.821515848
MCV2,NDI,nandi,2021,0.571121275
MCV1,NDI,nandi,2027,0.874723909
MCV2,NDI,nandi,2027,0.666786391
MCV1,NDI,nandi,2018,0.772883305
MCV2,NDI,nandi,2018,0.453978821
MCV1,NDI,nandi,2025,0.854723909
MCV2,NDI,nandi,2025,0.646786391
MCV1,NDI,nandi,2017,0.665453388
MCV2,NDI,nandi,2017,0.348528275
MCV1,NDI,nandi,2029,0.894723909
MCV2,NDI,nandi,2029,0.686786391
MCV1,NDI,nandi,2028,0.884723909
MCV2,NDI,nandi,2028,0.676786391
MCV1,NDI,nandi,2023,0.834723909
MCV2,NDI,nandi,2023,0.626786391
MCV1,NDI,nandi,2024,0.844723909
MCV2,NDI,nandi,2024,0.636786391
MCV1,NDI,nandi,2022,0.836130393
MCV2,NDI,nandi,2022,0.599497713
MCV1,NDI,nandi,2016,0.730417579
MCV2,NDI,nandi,2016,0.315724755
MCV1,NDI,nandi,2014,0.757227739
MCV2,NDI,nandi,2014,0
MCV1,NDI,nandi,2015,0.734512389
MCV2,NDI,nandi,2015,0.276700107
MCV1,ROK,narok,2030,0.861099811
MCV2,ROK,narok,2030,0.587610689
MCV1,ROK,narok,2016,0.692237832
MCV2,ROK,narok,2016,0.246466583
MCV1,ROK,narok,2024,0.801099811
MCV2,ROK,narok,2024,0.527610689
MCV1,ROK,narok,2023,0.791099811
MCV2,ROK,narok,2023,0.517610689
MCV1,ROK,narok,2013,0.674255833
MCV2,ROK,narok,2013,0
MCV1,ROK,narok,2026,0.821099811
MCV2,ROK,narok,2026,0.547610689
MCV1,ROK,narok,2017,0.63062188
MCV2,ROK,narok,2017,0.270334952
MCV1,ROK,narok,2015,0.696139592
MCV2,ROK,narok,2015,0.216147105
MCV1,ROK,narok,2027,0.831099811
MCV2,ROK,narok,2027,0.557610689
MCV1,ROK,narok,2014,0.717647487
MCV2,ROK,narok,2014,0
MCV1,ROK,narok,2025,0.811099811
MCV2,ROK,narok,2025,0.537610689
MCV1,ROK,narok,2029,0.851099811
MCV2,ROK,narok,2029,0.577610689
MCV1,ROK,narok,2028,0.841099811
MCV2,ROK,narok,2028,0.567610689
MCV1,ROK,narok,2022,0.792430789
MCV2,ROK,narok,2022,0.481571292
MCV1,ROK,narok,2018,0.732485373
MCV2,ROK,narok,2018,0.357062421
MCV1,ROK,narok,2019,0.755480806
MCV2,ROK,narok,2019,0.429391105
MCV1,ROK,narok,2020,0.771431922
MCV2,ROK,narok,2020,0.413032966
MCV1,ROK,narok,2021,0.778572785
MCV2,ROK,narok,2021,0.454683377
MCV1,NYA,nyamira,2013,0.817247939
MCV2,NYA,nyamira,2013,0
MCV1,NYA,nyamira,2030,0.99
MCV2,NYA,nyamira,2030,0.821812766
MCV1,NYA,nyamira,2014,0.869839889
MCV2,NYA,nyamira,2014,0
MCV1,NYA,nyamira,2015,0.843753875
MCV2,NYA,nyamira,2015,0.357079915
MCV1,NYA,nyamira,2016,0.839045798
MCV2,NYA,nyamira,2016,0.407786855
MCV1,NYA,nyamira,2017,0.764511402
MCV2,NYA,nyamira,2017,0.449704886
MCV1,NYA,nyamira,2018,0.887821816
MCV2,NYA,nyamira,2018,0.578302314
MCV1,NYA,nyamira,2029,0.99
MCV2,NYA,nyamira,2029,0.811812766
MCV1,NYA,nyamira,2028,0.99
MCV2,NYA,nyamira,2028,0.801812766
MCV1,NYA,nyamira,2019,0.915666454
MCV2,NYA,nyamira,2019,0.681027661
MCV1,NYA,nyamira,2026,0.988869092
MCV2,NYA,nyamira,2026,0.781812766
MCV1,NYA,nyamira,2021,0.943697787
MCV2,NYA,nyamira,2021,0.708426601
MCV1,NYA,nyamira,2025,0.978869092
MCV2,NYA,nyamira,2025,0.771812766
MCV1,NYA,nyamira,2023,0.958869092
MCV2,NYA,nyamira,2023,0.751812766
MCV1,NYA,nyamira,2020,0.935042465
MCV2,NYA,nyamira,2020,0.647911041
MCV1,NYA,nyamira,2024,0.968869092
MCV2,NYA,nyamira,2024,0.761812766
MCV1,NYA,nyamira,2022,0.960462264
MCV2,NYA,nyamira,2022,0.734073184
MCV1,NYA,nyamira,2027,0.99
MCV2,NYA,nyamira,2027,0.791812766
MCV1,NDR,nyandarua,2015,0.776254648
MCV2,NDR,nyandarua,2015,0.330575052
MCV1,NDR,nyandarua,2019,0.842435438
MCV2,NDR,nyandarua,2019,0.639696821
MCV1,NDR,nyandarua,2017,0.703386749
MCV2,NDR,nyandarua,2017,0.417782424
MCV1,NDR,nyandarua,2018,0.816808544
MCV2,NDR,nyandarua,2018,0.539218184
MCV1,NDR,nyandarua,2013,0.751872364
MCV2,NDR,nyandarua,2013,0
MCV1,NDR,nyandarua,2030,0.952165508
MCV2,NDR,nyandarua,2030,0.789361736
MCV1,NDR,nyandarua,2016,0.771931724
MCV2,NDR,nyandarua,2016,0.377370786
MCV1,NDR,nyandarua,2026,0.912165508
MCV2,NDR,nyandarua,2026,0.749361736
MCV1,NDR,nyandarua,2022,0.88364387
MCV2,NDR,nyandarua,2022,0.699375289
MCV1,NDR,nyandarua,2020,0.86024669
MCV2,NDR,nyandarua,2020,0.611822403
MCV1,NDR,nyandarua,2027,0.922165508
MCV2,NDR,nyandarua,2027,0.759361736
MCV1,NDR,nyandarua,2021,0.86820966
MCV2,NDR,nyandarua,2021,0.670770696
MCV1,NDR,nyandarua,2028,0.932165508
MCV2,NDR,nyandarua,2028,0.769361736
MCV1,NDR,nyandarua,2014,0.800264715
MCV2,NDR,nyandarua,2014,0
MCV1,NDR,nyandarua,2024,0.892165508
MCV2,NDR,nyandarua,2024,0.729361736
MCV1,NDR,nyandarua,2023,0.882165508
MCV2,NDR,nyandarua,2023,0.719361736
MCV1,NDR,nyandarua,2029,0.942165508
MCV2,NDR,nyandarua,2029,0.779361736
MCV1,NDR,nyandarua,2025,0.902165508
MCV2,NDR,nyandarua,2025,0.739361736
MCV1,YRI,nyeri,2021,0.816068392
MCV2,YRI,nyeri,2021,0.620373531
MCV1,YRI,nyeri,2020,0.808583646
MCV2,YRI,nyeri,2020,0.565154733
MCV1,YRI,nyeri,2016,0.725574617
MCV2,YRI,nyeri,2016,0.347051682
MCV1,YRI,nyeri,2015,0.729630207
MCV2,YRI,nyeri,2015,0.303943235
MCV1,YRI,nyeri,2030,0.899184179
MCV2,YRI,nyeri,2030,0.742980548
MCV1,YRI,nyeri,2022,0.830583239
MCV2,YRI,nyeri,2022,0.649405623
MCV1,YRI,nyeri,2027,0.869184179
MCV2,YRI,nyeri,2027,0.712980548
MCV1,YRI,nyeri,2023,0.829184179
MCV2,YRI,nyeri,2023,0.672980548
MCV1,YRI,nyeri,2026,0.859184179
MCV2,YRI,nyeri,2026,0.702980548
MCV1,YRI,nyeri,2014,0.752207116
MCV2,YRI,nyeri,2014,0
MCV1,YRI,nyeri,2013,0.706715607
MCV2,YRI,nyeri,2013,0
MCV1,YRI,nyeri,2019,0.79185128
MCV2,YRI,nyeri,2019,0.589831478
MCV1,YRI,nyeri,2024,0.839184179
MCV2,YRI,nyeri,2024,0.682980548
MCV1,YRI,nyeri,2028,0.879184179
MCV2,YRI,nyeri,2028,0.722980548
MCV1,YRI,nyeri,2018,0.767758558
MCV2,YRI,nyeri,2018,0.495879567
MCV1,YRI,nyeri,2029,0.889184179
MCV2,YRI,nyeri,2029,0.732980548
MCV1,YRI,nyeri,2017,0.661162497
MCV2,YRI,nyeri,2017,0.38768067
MCV1,YRI,nyeri,2025,0.849184179
MCV2,YRI,nyeri,2025,0.692980548
MCV1,SMB,samburu,2030,0.768000569
MCV2,SMB,samburu,2030,0.426033895
MCV1,SMB,samburu,2026,0.728000569
MCV2,SMB,samburu,2026,0.386033895
MCV1,SMB,samburu,2016,0.610799268
MCV2,SMB,samburu,2016,0.15275078
MCV1,SMB,samburu,2023,0.698000569
MCV2,SMB,samburu,2023,0.356033895
MCV1,SMB,samburu,2018,0.646314783
MCV2,SMB,samburu,2018,0.221540634
MCV1,SMB,samburu,2015,0.614174876
MCV2,SMB,samburu,2015,0.13391094
MCV1,SMB,samburu,2027,0.738000569
MCV2,SMB,samburu,2027,0.396033895
MCV1,SMB,samburu,2017,0.556561092
MCV2,SMB,samburu,2017,0.168678663
MCV1,SMB,samburu,2021,0.686972021
MCV2,SMB,samburu,2021,0.284559298
MCV1,SMB,samburu,2024,0.708000569
MCV2,SMB,samburu,2024,0.366033895
MCV1,SMB,samburu,2025,0.718000569
MCV2,SMB,samburu,2025,0.376033895
MCV1,SMB,samburu,2022,0.699203819
MCV2,SMB,samburu,2022,0.306859464
MCV1,SMB,samburu,2028,0.748000569
MCV2,SMB,samburu,2028,0.406033895
MCV1,SMB,samburu,2019,0.666582878
MCV2,SMB,samburu,2019,0.268640798
MCV1,SMB,samburu,2020,0.680671313
MCV2,SMB,samburu,2020,0.258000216
MCV1,SMB,samburu,2029,0.758000569
MCV2,SMB,samburu,2029,0.416033895
MCV1,SMB,samburu,2014,0.633220412
MCV2,SMB,samburu,2014,0
MCV1,SMB,samburu,2013,0.594905868
MCV2,SMB,samburu,2013,0
MCV1,SIA,siaya,2013,0.807466361
MCV2,SIA,siaya,2013,0
MCV1,SIA,siaya,2014,0.8594208
MCV2,SIA,siaya,2014,0
MCV1,SIA,siaya,2020,0.9238413
MCV2,SIA,siaya,2020,0.568841501
MCV1,SIA,siaya,2021,0.932392948
MCV2,SIA,siaya,2021,0.622679424
MCV1,SIA,siaya,2028,0.99
MCV2,SIA,siaya,2028,0.721955739
MCV1,SIA,siaya,2019,0.904721089
MCV2,SIA,siaya,2019,0.59675282
MCV1,SIA,siaya,2029,0.99
MCV2,SIA,siaya,2029,0.731955739
MCV1,SIA,siaya,2030,0.99
MCV2,SIA,siaya,2030,0.741955739
MCV1,SIA,siaya,2015,0.833670786
MCV2,SIA,siaya,2015,0.308759096
MCV1,SIA,siaya,2026,0.977392534
MCV2,SIA,siaya,2026,0.701955739
MCV1,SIA,siaya,2016,0.828994584
MCV2,SIA,siaya,2016,0.352249746
MCV1,SIA,siaya,2027,0.987392534
MCV2,SIA,siaya,2027,0.711955739
MCV1,SIA,siaya,2018,0.877187579
MCV2,SIA,siaya,2018,0.504093253
MCV1,SIA,siaya,2024,0.957392534
MCV2,SIA,siaya,2024,0.681955739
MCV1,SIA,siaya,2023,0.947392534
MCV2,SIA,siaya,2023,0.671955739
MCV1,SIA,siaya,2025,0.967392534
MCV2,SIA,siaya,2025,0.691955739
MCV1,SIA,siaya,2022,0.948966223
MCV2,SIA,siaya,2022,0.647870867
MCV1,SIA,siaya,2017,0.755214545
MCV2,SIA,siaya,2017,0.382024493
MCV1,TTA,taita taveta,2030,0.964999597
MCV2,TTA,taita taveta,2030,0.798707868
MCV1,TTA,taita taveta,2016,0.78316545
MCV2,TTA,taita taveta,2016,0.384303294
MCV1,TTA,taita taveta,2023,0.894999597
MCV2,TTA,taita taveta,2023,0.728707868
MCV1,TTA,taita taveta,2028,0.944999597
MCV2,TTA,taita taveta,2028,0.778707868
MCV1,TTA,taita taveta,2015,0.787540551
MCV2,TTA,taita taveta,2015,0.336632921
MCV1,TTA,taita taveta,2026,0.924999597
MCV2,TTA,taita taveta,2026,0.758707868
MCV1,TTA,taita taveta,2022,0.896498458
MCV2,TTA,taita taveta,2022,0.709419857
MCV1,TTA,taita taveta,2027,0.934999597
MCV2,TTA,taita taveta,2027,0.768707868
MCV1,TTA,taita taveta,2029,0.954999597
MCV2,TTA,taita taveta,2029,0.788707868
MCV1,TTA,taita taveta,2014,0.811909856
MCV2,TTA,taita taveta,2014,0
MCV1,TTA,taita taveta,2018,0.828695691
MCV2,TTA,taita taveta,2018,0.548727337
MCV1,TTA,taita taveta,2025,0.914999597
MCV2,TTA,taita taveta,2025,0.748707868
MCV1,TTA,taita taveta,2024,0.904999597
MCV2,TTA,taita taveta,2024,0.738707868
MCV1,TTA,taita taveta,2013,0.762811014
MCV2,TTA,taita taveta,2013,0
MCV1,TTA,taita taveta,2019,0.854673844
MCV2,TTA,taita taveta,2019,0.650287888
MCV1,TTA,taita taveta,2021,0.880845424
MCV2,TTA,taita taveta,2021,0.681140377
MCV1,TTA,taita taveta,2017,0.713577326
MCV2,TTA,taita taveta,2017,0.424833769
MCV1,TTA,taita taveta,2020,0.872766568
MCV2,TTA,taita taveta,2020,0.621532135
MCV1,TRI,tana river,2024,0.791545634
MCV2,TRI,tana river,2024,0.516448119
MCV1,TRI,tana river,2013,0.666112552
MCV2,TRI,tana river,2013,0
MCV1,TRI,tana river,2020,0.762135671
MCV2,TRI,tana river,2020,0.402304771
MCV1,TRI,tana river,2027,0.821545634
MCV2,TRI,tana river,2027,0.546448119
MCV1,TRI,tana river,2019,0.746353351
MCV2,TRI,tana river,2019,0.418251128
MCV1,TRI,tana river,2028,0.831545634
MCV2,TRI,tana river,2028,0.556448119
MCV1,TRI,tana river,2030,0.851545634
MCV2,TRI,tana river,2030,0.576448119
MCV1,TRI,tana river,2025,0.801545634
MCV2,TRI,tana river,2025,0.526448119
MCV1,TRI,tana river,2016,0.683897099
MCV2,TRI,tana river,2016,0.240221982
MCV1,TRI,tana river,2017,0.623157791
MCV2,TRI,tana river,2017,0.264236857
MCV1,TRI,tana river,2014,0.708999375
MCV2,TRI,tana river,2014,0
MCV1,TRI,tana river,2015,0.687699038
MCV2,TRI,tana river,2015,0.210610554
MCV1,TRI,tana river,2026,0.811545634
MCV2,TRI,tana river,2026,0.536448119
MCV1,TRI,tana river,2021,0.769190463
MCV2,TRI,tana river,2021,0.442916988
MCV1,TRI,tana river,2018,0.723659321
MCV2,TRI,tana river,2018,0.347755215
MCV1,TRI,tana river,2023,0.781545634
MCV2,TRI,tana river,2023,0.506448119
MCV1,TRI,tana river,2022,0.782873455
MCV2,TRI,tana river,2022,0.469528328
MCV1,TRI,tana river,2029,0.841545634
MCV2,TRI,tana river,2029,0.566448119
MCV1,TNI,tharaka-nithi,2025,0.883478124
MCV2,TNI,tharaka-nithi,2025,0.688395533
MCV1,TNI,tharaka-nithi,2027,0.903478124
MCV2,TNI,tharaka-nithi,2027,0.708395533
MCV1,TNI,tharaka-nithi,2013,0.735944802
MCV2,TNI,tharaka-nithi,2013,0
MCV1,TNI,tharaka-nithi,2014,0.78331821
MCV2,TNI,tharaka-nithi,2014,0
MCV1,TNI,tharaka-nithi,2015,0.759800406
MCV2,TNI,tharaka-nithi,2015,0.300418708
MCV1,TNI,tharaka-nithi,2028,0.913478124
MCV2,TNI,tharaka-nithi,2028,0.718395533
MCV1,TNI,tharaka-nithi,2016,0.75558552
MCV2,TNI,tharaka-nithi,2016,0.34283132
MCV1,TNI,tharaka-nithi,2017,0.688452505
MCV2,TNI,tharaka-nithi,2017,0.377811522
MCV1,TNI,tharaka-nithi,2018,0.799513372
MCV2,TNI,tharaka-nithi,2018,0.492065961
MCV1,TNI,tharaka-nithi,2019,0.824577357
MCV2,TNI,tharaka-nithi,2019,0.585795988
MCV1,TNI,tharaka-nithi,2020,0.842029865
MCV2,TNI,tharaka-nithi,2020,0.56124523
MCV1,TNI,tharaka-nithi,2030,0.933478124
MCV2,TNI,tharaka-nithi,2030,0.738395533
MCV1,TNI,tharaka-nithi,2026,0.893478124
MCV2,TNI,tharaka-nithi,2026,0.698395533
MCV1,TNI,tharaka-nithi,2023,0.863478124
MCV2,TNI,tharaka-nithi,2023,0.668395533
MCV1,TNI,tharaka-nithi,2024,0.873478124
MCV2,TNI,tharaka-nithi,2024,0.678395533
MCV1,TNI,tharaka-nithi,2029,0.923478124
MCV2,TNI,tharaka-nithi,2029,0.728395533
MCV1,TNI,tharaka-nithi,2021,0.849824203
MCV2,TNI,tharaka-nithi,2021,0.615945128
MCV1,TNI,tharaka-nithi,2022,0.864929778
MCV2,TNI,tharaka-nithi,2022,0.644381822
MCV1,TZI,trans nzoia,2015,0.726930181
MCV2,TZI,trans nzoia,2015,0.244581383
MCV1,TZI,trans nzoia,2013,0.704088404
MCV2,TZI,trans nzoia,2013,0
MCV1,TZI,trans nzoia,2020,0.805570071
MCV2,TZI,trans nzoia,2020,0.465214534
MCV1,TZI,trans nzoia,2016,0.722870209
MCV2,TZI,trans nzoia,2016,0.278890324
MCV1,TZI,trans nzoia,2025,0.846101693
MCV2,TZI,trans nzoia,2025,0.591067237
MCV1,TZI,trans nzoia,2014,0.74940352
MCV2,TZI,trans nzoia,2014,0
MCV1,TZI,trans nzoia,2019,0.788912624
MCV2,TZI,trans nzoia,2019,0.484089793
MCV1,TZI,trans nzoia,2021,0.81302693
MCV2,TZI,trans nzoia,2021,0.511615789
MCV1,TZI,trans nzoia,2022,0.82749374
MCV2,TZI,trans nzoia,2022,0.539319655
MCV1,TZI,trans nzoia,2023,0.826101693
MCV2,TZI,trans nzoia,2023,0.571067237
MCV1,TZI,trans nzoia,2026,0.856101693
MCV2,TZI,trans nzoia,2026,0.601067237
MCV1,TZI,trans nzoia,2029,0.886101693
MCV2,TZI,trans nzoia,2029,0.631067237
MCV1,TZI,trans nzoia,2027,0.866101693
MCV2,TZI,trans nzoia,2027,0.611067237
MCV1,TZI,trans nzoia,2024,0.836101693
MCV2,TZI,trans nzoia,2024,0.581067237
MCV1,TZI,trans nzoia,2030,0.896101693
MCV2,TZI,trans nzoia,2030,0.641067237
MCV1,TZI,trans nzoia,2028,0.876101693
MCV2,TZI,trans nzoia,2028,0.621067237
MCV1,TZI,trans nzoia,2017,0.65853575
MCV2,TZI,trans nzoia,2017,0.304768645
MCV1,TZI,trans nzoia,2018,0.764897448
MCV2,TZI,trans nzoia,2018,0.403686452
MCV1,TRK,turkana,2013,0.64519702
MCV2,TRK,turkana,2013,0
MCV1,TRK,turkana,2016,0.662417612
MCV2,TRK,turkana,2016,0.216736254
MCV1,TRK,turkana,2017,0.603501752
MCV2,TRK,turkana,2017,0.239038854
MCV1,TRK,turkana,2023,0.757005889
MCV2,TRK,turkana,2023,0.46611702
MCV1,TRK,turkana,2027,0.797005889
MCV2,TRK,turkana,2027,0.50611702
MCV1,TRK,turkana,2024,0.767005889
MCV2,TRK,turkana,2024,0.47611702
MCV1,TRK,turkana,2018,0.700932585
MCV2,TRK,turkana,2018,0.313682014
MCV1,TRK,turkana,2029,0.817005889
MCV2,TRK,turkana,2029,0.52611702
MCV1,TRK,turkana,2028,0.807005889
MCV2,TRK,turkana,2028,0.51611702
MCV1,TRK,turkana,2019,0.722945511
MCV2,TRK,turkana,2019,0.377914154
MCV1,TRK,turkana,2026,0.787005889
MCV2,TRK,turkana,2026,0.49611702
MCV1,TRK,turkana,2025,0.777005889
MCV2,TRK,turkana,2025,0.48611702
MCV1,TRK,turkana,2021,0.745031201
MCV2,TRK,turkana,2021,0.40032213
MCV1,TRK,turkana,2022,0.758295997
MCV2,TRK,turkana,2022,0.425926492
MCV1,TRK,turkana,2015,0.666117498
MCV2,TRK,turkana,2015,0.190013978
MCV1,TRK,turkana,2030,0.827005889
MCV2,TRK,turkana,2030,0.53611702
MCV1,TRK,turkana,2020,0.738197982
MCV2,TRK,turkana,2020,0.363437877
MCV1,TRK,turkana,2014,0.686733364
MCV2,TRK,turkana,2014,0
MCV1,UAG,uasin gishu,2014,0.743509325
MCV2,UAG,uasin gishu,2014,0
MCV1,UAG,uasin gishu,2020,0.799233821
MCV2,UAG,uasin gishu,2020,0.500712444
MCV1,UAG,uasin gishu,2013,0.698552936
MCV2,UAG,uasin gishu,2013,0
MCV1,UAG,uasin gishu,2027,0.859607041
MCV2,UAG,uasin gishu,2027,0.647293758
MCV1,UAG,uasin gishu,2023,0.819607041
MCV2,UAG,uasin gishu,2023,0.607293758
MCV1,UAG,uasin gishu,2021,0.806632031
MCV2,UAG,uasin gishu,2021,0.550241835
MCV1,UAG,uasin gishu,2022,0.820986274
MCV2,UAG,uasin gishu,2022,0.578449597
MCV1,UAG,uasin gishu,2030,0.889607041
MCV2,UAG,uasin gishu,2030,0.677293758
MCV1,UAG,uasin gishu,2029,0.879607041
MCV2,UAG,uasin gishu,2029,0.667293758
MCV1,UAG,uasin gishu,2015,0.721219963
MCV2,UAG,uasin gishu,2015,0.266144799
MCV1,UAG,uasin gishu,2024,0.829607041
MCV2,UAG,uasin gishu,2024,0.617293758
MCV1,UAG,uasin gishu,2018,0.758881488
MCV2,UAG,uasin gishu,2018,0.436664693
MCV1,UAG,uasin gishu,2026,0.849607041
MCV2,UAG,uasin gishu,2026,0.637293758
MCV1,UAG,uasin gishu,2019,0.782706371
MCV2,UAG,uasin gishu,2019,0.521712079
MCV1,UAG,uasin gishu,2025,0.839607041
MCV2,UAG,uasin gishu,2025,0.627293758
MCV1,UAG,uasin gishu,2028,0.869607041
MCV2,UAG,uasin gishu,2028,0.657293758
MCV1,UAG,uasin gishu,2017,0.653352763
MCV2,UAG,uasin gishu,2017,0.335961916
MCV1,UAG,uasin gishu,2016,0.717184571
MCV2,UAG,uasin gishu,2016,0.303684426
MCV1,VGA,vihiga,2018,0.773431911
MCV2,VGA,vihiga,2018,0.447306082
MCV1,VGA,vihiga,2024,0.845310431
MCV2,VGA,vihiga,2024,0.629413002
MCV1,VGA,vihiga,2027,0.875310431
MCV2,VGA,vihiga,2027,0.659413002
MCV1,VGA,vihiga,2016,0.730936978
MCV2,VGA,vihiga,2016,0.310751923
MCV1,VGA,vihiga,2030,0.905310431
MCV2,VGA,vihiga,2030,0.689413002
MCV1,VGA,vihiga,2029,0.895310431
MCV2,VGA,vihiga,2029,0.679413002
MCV1,VGA,vihiga,2023,0.835310431
MCV2,VGA,vihiga,2023,0.619413002
MCV1,VGA,vihiga,2017,0.666028689
MCV2,VGA,vihiga,2017,0.342483874
MCV1,VGA,vihiga,2015,0.735017841
MCV2,VGA,vihiga,2015,0.272358276
MCV1,VGA,vihiga,2025,0.855310431
MCV2,VGA,vihiga,2025,0.639413002
MCV1,VGA,vihiga,2013,0.711937087
MCV2,VGA,vihiga,2013,0
MCV1,VGA,vihiga,2026,0.865310431
MCV2,VGA,vihiga,2026,0.649413002
MCV1,VGA,vihiga,2019,0.797694329
MCV2,VGA,vihiga,2019,0.534270438
MCV1,VGA,vihiga,2028,0.885310431
MCV2,VGA,vihiga,2028,0.669413002
MCV1,VGA,vihiga,2014,0.757765583
MCV2,VGA,vihiga,2014,0
MCV1,VGA,vihiga,2020,0.814559666
MCV2,VGA,vihiga,2020,0.512689886
MCV1,VGA,vihiga,2022,0.836718667
MCV2,VGA,vihiga,2022,0.591536475
MCV1,VGA,vihiga,2021,0.822099728
MCV2,VGA,vihiga,2021,0.563268728
MCV1,WJR,wajir,2021,0.750681527
MCV2,WJR,wajir,2021,0.381349361
MCV1,WJR,wajir,2020,0.743796492
MCV2,WJR,wajir,2020,0.345932796
MCV1,WJR,wajir,2029,0.822739511
MCV2,WJR,wajir,2029,0.508439117
MCV1,WJR,wajir,2014,0.691940464
MCV2,WJR,wajir,2014,0
MCV1,WJR,wajir,2030,0.832739511
MCV2,WJR,wajir,2030,0.518439117
MCV1,WJR,wajir,2027,0.802739511
MCV2,WJR,wajir,2027,0.488439117
MCV1,WJR,wajir,2013,0.650083826
MCV2,WJR,wajir,2013,0
MCV1,WJR,wajir,2024,0.772739511
MCV2,WJR,wajir,2024,0.458439117
MCV1,WJR,wajir,2025,0.782739511
MCV2,WJR,wajir,2025,0.468439117
MCV1,WJR,wajir,2015,0.671150946
MCV2,WJR,wajir,2015,0.178948036
MCV1,WJR,wajir,2016,0.667441466
MCV2,WJR,wajir,2016,0.204001466
MCV1,WJR,wajir,2017,0.608177269
MCV2,WJR,wajir,2017,0.22275982
MCV1,WJR,wajir,2018,0.706247419
MCV2,WJR,wajir,2018,0.297064499
MCV1,WJR,wajir,2019,0.728401178
MCV2,WJR,wajir,2019,0.359163234
MCV1,WJR,wajir,2028,0.812739511
MCV2,WJR,wajir,2028,0.498439117
MCV1,WJR,wajir,2026,0.792739511
MCV2,WJR,wajir,2026,0.478439117
MCV1,WJR,wajir,2022,0.76403913
MCV2,WJR,wajir,2022,0.406844842
MCV1,WJR,wajir,2023,0.762739511
MCV2,WJR,wajir,2023,0.448439117
MCV1,WPO,west pokot,2027,0.695981141
MCV2,WPO,west pokot,2027,0.354927585
MCV1,WPO,west pokot,2016,0.574025244
MCV2,WPO,west pokot,2016,0.132073749
MCV1,WPO,west pokot,2024,0.665981141
MCV2,WPO,west pokot,2024,0.324927585
MCV1,WPO,west pokot,2023,0.655981141
MCV2,WPO,west pokot,2023,0.314927585
MCV1,WPO,west pokot,2025,0.675981141
MCV2,WPO,west pokot,2025,0.334927585
MCV1,WPO,west pokot,2018,0.607404679
MCV2,WPO,west pokot,2018,0.189934434
MCV1,WPO,west pokot,2019,0.626487157
MCV2,WPO,west pokot,2019,0.229909847
MCV1,WPO,west pokot,2026,0.685981141
MCV2,WPO,west pokot,2026,0.344927585
MCV1,WPO,west pokot,2017,0.522971401
MCV2,WPO,west pokot,2017,0.147866456
MCV1,WPO,west pokot,2022,0.657119972
MCV2,WPO,west pokot,2022,0.262311909
MCV1,WPO,west pokot,2029,0.715981141
MCV2,WPO,west pokot,2029,0.374927585
MCV1,WPO,west pokot,2020,0.639688341
MCV2,WPO,west pokot,2020,0.21971133
MCV1,WPO,west pokot,2021,0.645609697
MCV2,WPO,west pokot,2021,0.242088138
MCV1,WPO,west pokot,2013,0.559092151
MCV2,WPO,west pokot,2013,0
MCV1,WPO,west pokot,2014,0.595098546
MCV2,WPO,west pokot,2014,0
MCV1,WPO,west pokot,2015,0.577211785
MCV2,WPO,west pokot,2015,0.115692629
MCV1,WPO,west pokot,2028,0.705981141
MCV2,WPO,west pokot,2028,0.364927585
MCV1,WPO,west pokot,2030,0.725981141
MCV2,WPO,west pokot,2030,0.384927585