vaccine,dose,activity_type,country_code,country,year,age_first,age_last,age_range_verbatim,target,coverage,start_m,scenario
MCV1,MCV1,routine,AFG,Afghanistan,2020,,,,,0,,mcv1
MCV2,MCV2,routine,AFG,Afghanistan,2020,,,,,0.43,,mcv1
MCV1,MCV1,routine,AFG,Afghanistan,2019,,,,,0,,mcv1
MCV2,MCV2,routine,AFG,Afghanistan,2019,,,,,0.41,,mcv1
MCV1,MCV1,routine,AFG,Afghanistan,2018,,,,,0,,mcv1
MCV2,MCV2,routine,AFG,Afghanistan,2018,,,,,0.49,,mcv1
MCV1,MCV1,routine,AFG,Afghanistan,2017,,,,,0,,mcv1
MCV2,MCV2,routine,AFG,Afghanistan,2017,,,,,0.4,,mcv1
MCV2,MCV2,routine,AFG,Afghanistan,2016,,,,,0.4,,mcv1
MCV1,MCV1,routine,AFG,Afghanistan,2016,,,,,0,,mcv1
MCV2,MCV2,routine,AFG,Afghanistan,2015,,,,,0.42,,mcv1
MCV1,MCV1,routine,AFG,Afghanistan,2015,,,,,0,,mcv1
MCV2,MCV2,routine,AFG,Afghanistan,2014,,,,,0.44,,mcv1
MCV1,MCV1,routine,AFG,Afghanistan,2014,,,,,0,,mcv1
MCV1,MCV1,routine,AFG,Afghanistan,2013,,,,,0,,mcv1
MCV2,MCV2,routine,AFG,Afghanistan,2013,,,,,0.38,,mcv1
MCV1,MCV1,routine,AFG,Afghanistan,2012,,,,,0,,mcv1
MCV2,MCV2,routine,AFG,Afghanistan,2012,,,,,0.33,,mcv1
MCV2,MCV2,routine,AFG,Afghanistan,2011,,,,,0.31,,mcv1
MCV1,MCV1,routine,AFG,Afghanistan,2011,,,,,0,,mcv1
MCV1,MCV1,routine,AFG,Afghanistan,2010,,,,,0,,mcv1
MCV2,MCV2,routine,AFG,Afghanistan,2010,,,,,0.29,,mcv1
MCV2,MCV2,routine,AFG,Afghanistan,2009,,,,,0.24,,mcv1
MCV1,MCV1,routine,AFG,Afghanistan,2009,,,,,0,,mcv1
MCV1,MCV1,routine,AFG,Afghanistan,2008,,,,,0,,mcv1
MCV2,MCV2,routine,AFG,Afghanistan,2008,,,,,0.23,,mcv1
MCV1,MCV1,routine,AFG,Afghanistan,2007,,,,,0,,mcv1
MCV2,MCV2,routine,AFG,Afghanistan,2007,,,,,0.04,,mcv1
MCV1,MCV1,routine,AFG,Afghanistan,2006,,,,,0,,mcv1
MCV2,MCV2,routine,AFG,Afghanistan,2006,,,,,0.18,,mcv1
MCV1,MCV1,routine,AFG,Afghanistan,2005,,,,,0,,mcv1
MCV2,MCV2,routine,AFG,Afghanistan,2005,,,,,0.09,,mcv1
MCV2,MCV2,routine,AFG,Afghanistan,2004,,,,,0.02,,mcv1
MCV1,MCV1,routine,AFG,Afghanistan,2004,,,,,0,,mcv1
MCV1,MCV1,routine,AFG,Afghanistan,2003,,,,,0,,mcv1
MCV2,MCV2,routine,AFG,Afghanistan,2003,,,,,0,,mcv1
MCV2,MCV2,routine,AFG,Afghanistan,2002,,,,,0,,mcv1
MCV1,MCV1,routine,AFG,Afghanistan,2002,,,,,0,,mcv1
MCV1,MCV1,routine,AFG,Afghanistan,2001,,,,,0,,mcv1
MCV2,MCV2,routine,AFG,Afghanistan,2001,,,,,0,,mcv1
MCV2,MCV2,routine,AFG,Afghanistan,2000,,,,,0,,mcv1
MCV1,MCV1,routine,AFG,Afghanistan,2000,,,,,0,,mcv1
MCV1,MCV1,routine,AFG,Afghanistan,1999,,,,,0,,mcv1
MCV1,MCV1,routine,AFG,Afghanistan,1998,,,,,0,,mcv1
MCV1,MCV1,routine,AFG,Afghanistan,1997,,,,,0,,mcv1
MCV1,MCV1,routine,AFG,Afghanistan,1996,,,,,0,,mcv1
MCV1,MCV1,routine,AFG,Afghanistan,1995,,,,,0,,mcv1
MCV1,MCV1,routine,AFG,Afghanistan,1994,,,,,0,,mcv1
MCV1,MCV1,routine,AFG,Afghanistan,1993,,,,,0,,mcv1
MCV1,MCV1,routine,AFG,Afghanistan,1992,,,,,0,,mcv1
MCV1,MCV1,routine,AFG,Afghanistan,1991,,,,,0,,mcv1
MCV1,MCV1,routine,AFG,Afghanistan,1990,,,,,0,,mcv1
MCV1,MCV1,routine,AFG,Afghanistan,1989,,,,,0,,mcv1
MCV1,MCV1,routine,AFG,Afghanistan,1988,,,,,0,,mcv1
MCV1,MCV1,routine,AFG,Afghanistan,1987,,,,,0,,mcv1
MCV1,MCV1,routine,AFG,Afghanistan,1986,,,,,0,,mcv1
MCV1,MCV1,routine,AFG,Afghanistan,1985,,,,,0,,mcv1
MCV1,MCV1,routine,AFG,Afghanistan,1984,,,,,0,,mcv1
MCV1,MCV1,routine,AFG,Afghanistan,1983,,,,,0,,mcv1
MCV1,MCV1,routine,AFG,Afghanistan,1982,,,,,0,,mcv1
MCV1,MCV1,routine,AFG,Afghanistan,1981,,,,,0,,mcv1
MCV1,MCV1,routine,AFG,Afghanistan,1980,,,,,0,,mcv1
MCV2,MCV2,routine,AGO,Angola,2020,,,,,0.41,,mcv1
MCV1,MCV1,routine,AGO,Angola,2020,,,,,0,,mcv1
MCV1,MCV1,routine,AGO,Angola,2019,,,,,0,,mcv1
MCV2,MCV2,routine,AGO,Angola,2019,,,,,0.45,,mcv1
MCV2,MCV2,routine,AGO,Angola,2018,,,,,0.35,,mcv1
MCV1,MCV1,routine,AGO,Angola,2018,,,,,0,,mcv1
MCV1,MCV1,routine,AGO,Angola,2017,,,,,0,,mcv1
MCV2,MCV2,routine,AGO,Angola,2017,,,,,0.3,,mcv1
MCV2,MCV2,routine,AGO,Angola,2016,,,,,0.26,,mcv1
MCV1,MCV1,routine,AGO,Angola,2016,,,,,0,,mcv1
MCV1,MCV1,routine,AGO,Angola,2015,,,,,0,,mcv1
MCV2,MCV2,routine,AGO,Angola,2015,,,,,0.26,,mcv1
MCV1,MCV1,routine,AGO,Angola,2014,,,,,0,,mcv1
MCV2,MCV2,routine,AGO,Angola,2014,,,,,0,,mcv1
MCV2,MCV2,routine,AGO,Angola,2013,,,,,0,,mcv1
MCV1,MCV1,routine,AGO,Angola,2013,,,,,0,,mcv1
MCV1,MCV1,routine,AGO,Angola,2012,,,,,0,,mcv1
MCV2,MCV2,routine,AGO,Angola,2012,,,,,0,,mcv1
MCV1,MCV1,routine,AGO,Angola,2011,,,,,0,,mcv1
MCV2,MCV2,routine,AGO,Angola,2011,,,,,0,,mcv1
MCV2,MCV2,routine,AGO,Angola,2010,,,,,0,,mcv1
MCV1,MCV1,routine,AGO,Angola,2010,,,,,0,,mcv1
MCV1,MCV1,routine,AGO,Angola,2009,,,,,0,,mcv1
MCV2,MCV2,routine,AGO,Angola,2009,,,,,0,,mcv1
MCV1,MCV1,routine,AGO,Angola,2008,,,,,0,,mcv1
MCV2,MCV2,routine,AGO,Angola,2008,,,,,0,,mcv1
MCV2,MCV2,routine,AGO,Angola,2007,,,,,0,,mcv1
MCV1,MCV1,routine,AGO,Angola,2007,,,,,0,,mcv1
MCV1,MCV1,routine,AGO,Angola,2006,,,,,0,,mcv1
MCV2,MCV2,routine,AGO,Angola,2006,,,,,0,,mcv1
MCV1,MCV1,routine,AGO,Angola,2005,,,,,0,,mcv1
MCV2,MCV2,routine,AGO,Angola,2005,,,,,0,,mcv1
MCV2,MCV2,routine,AGO,Angola,2004,,,,,0,,mcv1
MCV1,MCV1,routine,AGO,Angola,2004,,,,,0,,mcv1
MCV2,MCV2,routine,AGO,Angola,2003,,,,,0,,mcv1
MCV1,MCV1,routine,AGO,Angola,2003,,,,,0,,mcv1
MCV2,MCV2,routine,AGO,Angola,2002,,,,,0,,mcv1
MCV1,MCV1,routine,AGO,Angola,2002,,,,,0,,mcv1
MCV2,MCV2,routine,AGO,Angola,2001,,,,,0,,mcv1
MCV1,MCV1,routine,AGO,Angola,2001,,,,,0,,mcv1
MCV1,MCV1,routine,AGO,Angola,2000,,,,,0,,mcv1
MCV2,MCV2,routine,AGO,Angola,2000,,,,,0,,mcv1
MCV1,MCV1,routine,AGO,Angola,1999,,,,,0,,mcv1
MCV1,MCV1,routine,AGO,Angola,1998,,,,,0,,mcv1
MCV1,MCV1,routine,AGO,Angola,1997,,,,,0,,mcv1
MCV1,MCV1,routine,AGO,Angola,1996,,,,,0,,mcv1
MCV1,MCV1,routine,AGO,Angola,1995,,,,,0,,mcv1
MCV1,MCV1,routine,AGO,Angola,1994,,,,,0,,mcv1
MCV1,MCV1,routine,AGO,Angola,1993,,,,,0,,mcv1
MCV1,MCV1,routine,AGO,Angola,1992,,,,,0,,mcv1
MCV1,MCV1,routine,AGO,Angola,1991,,,,,0,,mcv1
MCV1,MCV1,routine,AGO,Angola,1990,,,,,0,,mcv1
MCV1,MCV1,routine,AGO,Angola,1989,,,,,0,,mcv1
MCV1,MCV1,routine,AGO,Angola,1988,,,,,0,,mcv1
MCV1,MCV1,routine,AGO,Angola,1987,,,,,0,,mcv1
MCV1,MCV1,routine,AGO,Angola,1986,,,,,0,,mcv1
MCV1,MCV1,routine,AGO,Angola,1985,,,,,0,,mcv1
MCV1,MCV1,routine,AGO,Angola,1984,,,,,0,,mcv1
MCV1,MCV1,routine,AGO,Angola,1983,,,,,0,,mcv1
MCV1,MCV1,routine,AGO,Angola,1982,,,,,0,,mcv1
MCV1,MCV1,routine,AGO,Angola,1981,,,,,0,,mcv1
MCV1,MCV1,routine,AGO,Angola,1980,,,,,0,,mcv1
MCV1,MCV1,routine,BEN,Benin,2020,,,,,0,,mcv1
MCV1,MCV1,routine,BEN,Benin,2019,,,,,0,,mcv1
MCV2,MCV2,routine,BEN,Benin,2019,,,,,0,,mcv1
MCV2,MCV2,routine,BEN,Benin,2018,,,,,0,,mcv1
MCV1,MCV1,routine,BEN,Benin,2018,,,,,0,,mcv1
MCV2,MCV2,routine,BEN,Benin,2017,,,,,0,,mcv1
MCV1,MCV1,routine,BEN,Benin,2017,,,,,0,,mcv1
MCV1,MCV1,routine,BEN,Benin,2016,,,,,0,,mcv1
MCV2,MCV2,routine,BEN,Benin,2016,,,,,0,,mcv1
MCV1,MCV1,routine,BEN,Benin,2015,,,,,0,,mcv1
MCV2,MCV2,routine,BEN,Benin,2015,,,,,0,,mcv1
MCV1,MCV1,routine,BEN,Benin,2014,,,,,0,,mcv1
MCV2,MCV2,routine,BEN,Benin,2014,,,,,0,,mcv1
MCV2,MCV2,routine,BEN,Benin,2013,,,,,0,,mcv1
MCV1,MCV1,routine,BEN,Benin,2013,,,,,0,,mcv1
MCV1,MCV1,routine,BEN,Benin,2012,,,,,0,,mcv1
MCV2,MCV2,routine,BEN,Benin,2012,,,,,0,,mcv1
MCV1,MCV1,routine,BEN,Benin,2011,,,,,0,,mcv1
MCV2,MCV2,routine,BEN,Benin,2011,,,,,0,,mcv1
MCV2,MCV2,routine,BEN,Benin,2010,,,,,0,,mcv1
MCV1,MCV1,routine,BEN,Benin,2010,,,,,0,,mcv1
MCV1,MCV1,routine,BEN,Benin,2009,,,,,0,,mcv1
MCV2,MCV2,routine,BEN,Benin,2009,,,,,0,,mcv1
MCV1,MCV1,routine,BEN,Benin,2008,,,,,0,,mcv1
MCV2,MCV2,routine,BEN,Benin,2008,,,,,0,,mcv1
MCV2,MCV2,routine,BEN,Benin,2007,,,,,0,,mcv1
MCV1,MCV1,routine,BEN,Benin,2007,,,,,0,,mcv1
MCV1,MCV1,routine,BEN,Benin,2006,,,,,0,,mcv1
MCV2,MCV2,routine,BEN,Benin,2006,,,,,0,,mcv1
MCV1,MCV1,routine,BEN,Benin,2005,,,,,0,,mcv1
MCV2,MCV2,routine,BEN,Benin,2005,,,,,0,,mcv1
MCV1,MCV1,routine,BEN,Benin,2004,,,,,0,,mcv1
MCV2,MCV2,routine,BEN,Benin,2004,,,,,0,,mcv1
MCV1,MCV1,routine,BEN,Benin,2003,,,,,0,,mcv1
MCV2,MCV2,routine,BEN,Benin,2003,,,,,0,,mcv1
MCV2,MCV2,routine,BEN,Benin,2002,,,,,0,,mcv1
MCV1,MCV1,routine,BEN,Benin,2002,,,,,0,,mcv1
MCV1,MCV1,routine,BEN,Benin,2001,,,,,0,,mcv1
MCV2,MCV2,routine,BEN,Benin,2001,,,,,0,,mcv1
MCV2,MCV2,routine,BEN,Benin,2000,,,,,0,,mcv1
MCV1,MCV1,routine,BEN,Benin,2000,,,,,0,,mcv1
MCV1,MCV1,routine,BEN,Benin,1999,,,,,0,,mcv1
MCV1,MCV1,routine,BEN,Benin,1998,,,,,0,,mcv1
MCV1,MCV1,routine,BEN,Benin,1997,,,,,0,,mcv1
MCV1,MCV1,routine,BEN,Benin,1996,,,,,0,,mcv1
MCV1,MCV1,routine,BEN,Benin,1995,,,,,0,,mcv1
MCV1,MCV1,routine,BEN,Benin,1994,,,,,0,,mcv1
MCV1,MCV1,routine,BEN,Benin,1993,,,,,0,,mcv1
MCV1,MCV1,routine,BEN,Benin,1992,,,,,0,,mcv1
MCV1,MCV1,routine,BEN,Benin,1991,,,,,0,,mcv1
MCV1,MCV1,routine,BEN,Benin,1990,,,,,0,,mcv1
MCV1,MCV1,routine,BEN,Benin,1989,,,,,0,,mcv1
MCV1,MCV1,routine,BEN,Benin,1988,,,,,0,,mcv1
MCV1,MCV1,routine,BEN,Benin,1987,,,,,0,,mcv1
MCV1,MCV1,routine,BEN,Benin,1986,,,,,0,,mcv1
MCV1,MCV1,routine,BEN,Benin,1985,,,,,0,,mcv1
MCV1,MCV1,routine,BEN,Benin,1984,,,,,0,,mcv1
MCV1,MCV1,routine,BEN,Benin,1983,,,,,0,,mcv1
MCV1,MCV1,routine,BEN,Benin,1982,,,,,0,,mcv1
MCV1,MCV1,routine,BEN,Benin,1981,,,,,0,,mcv1
MCV1,MCV1,routine,BEN,Benin,1980,,,,,0,,mcv1
MCV1,MCV1,routine,TCD,Chad,2020,,,,,0,,mcv1
MCV1,MCV1,routine,TCD,Chad,2019,,,,,0,,mcv1
MCV2,MCV2,routine,TCD,Chad,2019,,,,,0,,mcv1
MCV2,MCV2,routine,TCD,Chad,2018,,,,,0,,mcv1
MCV1,MCV1,routine,TCD,Chad,2018,,,,,0,,mcv1
MCV1,MCV1,routine,TCD,Chad,2017,,,,,0,,mcv1
MCV2,MCV2,routine,TCD,Chad,2017,,,,,0,,mcv1
MCV1,MCV1,routine,TCD,Chad,2016,,,,,0,,mcv1
MCV2,MCV2,routine,TCD,Chad,2016,,,,,0,,mcv1
MCV2,MCV2,routine,TCD,Chad,2015,,,,,0,,mcv1
MCV1,MCV1,routine,TCD,Chad,2015,,,,,0,,mcv1
MCV2,MCV2,routine,TCD,Chad,2014,,,,,0,,mcv1
MCV1,MCV1,routine,TCD,Chad,2014,,,,,0,,mcv1
MCV2,MCV2,routine,TCD,Chad,2013,,,,,0,,mcv1
MCV1,MCV1,routine,TCD,Chad,2013,,,,,0,,mcv1
MCV1,MCV1,routine,TCD,Chad,2012,,,,,0,,mcv1
MCV2,MCV2,routine,TCD,Chad,2012,,,,,0,,mcv1
MCV1,MCV1,routine,TCD,Chad,2011,,,,,0,,mcv1
MCV2,MCV2,routine,TCD,Chad,2011,,,,,0,,mcv1
MCV2,MCV2,routine,TCD,Chad,2010,,,,,0,,mcv1
MCV1,MCV1,routine,TCD,Chad,2010,,,,,0,,mcv1
MCV2,MCV2,routine,TCD,Chad,2009,,,,,0,,mcv1
MCV1,MCV1,routine,TCD,Chad,2009,,,,,0,,mcv1
MCV1,MCV1,routine,TCD,Chad,2008,,,,,0,,mcv1
MCV2,MCV2,routine,TCD,Chad,2008,,,,,0,,mcv1
MCV2,MCV2,routine,TCD,Chad,2007,,,,,0,,mcv1
MCV1,MCV1,routine,TCD,Chad,2007,,,,,0,,mcv1
MCV2,MCV2,routine,TCD,Chad,2006,,,,,0,,mcv1
MCV1,MCV1,routine,TCD,Chad,2006,,,,,0,,mcv1
MCV2,MCV2,routine,TCD,Chad,2005,,,,,0,,mcv1
MCV1,MCV1,routine,TCD,Chad,2005,,,,,0,,mcv1
MCV2,MCV2,routine,TCD,Chad,2004,,,,,0,,mcv1
MCV1,MCV1,routine,TCD,Chad,2004,,,,,0,,mcv1
MCV2,MCV2,routine,TCD,Chad,2003,,,,,0,,mcv1
MCV1,MCV1,routine,TCD,Chad,2003,,,,,0,,mcv1
MCV2,MCV2,routine,TCD,Chad,2002,,,,,0,,mcv1
MCV1,MCV1,routine,TCD,Chad,2002,,,,,0,,mcv1
MCV1,MCV1,routine,TCD,Chad,2001,,,,,0,,mcv1
MCV2,MCV2,routine,TCD,Chad,2001,,,,,0,,mcv1
MCV1,MCV1,routine,TCD,Chad,2000,,,,,0,,mcv1
MCV2,MCV2,routine,TCD,Chad,2000,,,,,0,,mcv1
MCV1,MCV1,routine,TCD,Chad,1999,,,,,0,,mcv1
MCV1,MCV1,routine,TCD,Chad,1998,,,,,0,,mcv1
MCV1,MCV1,routine,TCD,Chad,1997,,,,,0,,mcv1
MCV1,MCV1,routine,TCD,Chad,1996,,,,,0,,mcv1
MCV1,MCV1,routine,TCD,Chad,1995,,,,,0,,mcv1
MCV1,MCV1,routine,TCD,Chad,1994,,,,,0,,mcv1
MCV1,MCV1,routine,TCD,Chad,1993,,,,,0,,mcv1
MCV1,MCV1,routine,TCD,Chad,1992,,,,,0,,mcv1
MCV1,MCV1,routine,TCD,Chad,1991,,,,,0,,mcv1
MCV1,MCV1,routine,TCD,Chad,1990,,,,,0,,mcv1
MCV1,MCV1,routine,TCD,Chad,1989,,,,,0,,mcv1
MCV1,MCV1,routine,TCD,Chad,1988,,,,,0,,mcv1
MCV1,MCV1,routine,TCD,Chad,1987,,,,,0,,mcv1
MCV1,MCV1,routine,TCD,Chad,1986,,,,,0,,mcv1
MCV1,MCV1,routine,TCD,Chad,1985,,,,,0,,mcv1
MCV1,MCV1,routine,TCD,Chad,1984,,,,,0,,mcv1
MCV1,MCV1,routine,TCD,Chad,1983,,,,,0,,mcv1
MCV1,MCV1,routine,TCD,Chad,1982,,,,,0,,mcv1
MCV1,MCV1,routine,TCD,Chad,1981,,,,,0,,mcv1
MCV1,MCV1,routine,TCD,Chad,1980,,,,,0,,mcv1
MCV1,MCV1,routine,CHN,China,2020,,,,,0,,mcv1
MCV2,MCV2,routine,CHN,China,2020,,,,,0.99,,mcv1
MCV1,MCV1,routine,CHN,China,2019,,,,,0,,mcv1
MCV2,MCV2,routine,CHN,China,2019,,,,,0.98,,mcv1
MCV1,MCV1,routine,CHN,China,2018,,,,,0,,mcv1
MCV2,MCV2,routine,CHN,China,2018,,,,,0.99,,mcv1
MCV1,MCV1,routine,CHN,China,2017,,,,,0,,mcv1
MCV2,MCV2,routine,CHN,China,2017,,,,,0.99,,mcv1
MCV2,MCV2,routine,CHN,China,2016,,,,,0.99,,mcv1
MCV1,MCV1,routine,CHN,China,2016,,,,,0,,mcv1
MCV1,MCV1,routine,CHN,China,2015,,,,,0,,mcv1
MCV2,MCV2,routine,CHN,China,2015,,,,,0.99,,mcv1
MCV1,MCV1,routine,CHN,China,2014,,,,,0,,mcv1
MCV2,MCV2,routine,CHN,China,2014,,,,,0.99,,mcv1
MCV1,MCV1,routine,CHN,China,2013,,,,,0,,mcv1
MCV2,MCV2,routine,CHN,China,2013,,,,,0.99,,mcv1
MCV1,MCV1,routine,CHN,China,2012,,,,,0,,mcv1
MCV2,MCV2,routine,CHN,China,2012,,,,,0.99,,mcv1
MCV1,MCV1,routine,CHN,China,2011,,,,,0,,mcv1
MCV2,MCV2,routine,CHN,China,2011,,,,,0.99,,mcv1
MCV1,MCV1,routine,CHN,China,2010,,,,,0,,mcv1
MCV2,MCV2,routine,CHN,China,2010,,,,,0.99,,mcv1
MCV1,MCV1,routine,CHN,China,2009,,,,,0,,mcv1
MCV2,MCV2,routine,CHN,China,2009,,,,,0.98,,mcv1
MCV2,MCV2,routine,CHN,China,2008,,,,,0.95,,mcv1
MCV1,MCV1,routine,CHN,China,2008,,,,,0,,mcv1
MCV1,MCV1,routine,CHN,China,2007,,,,,0,,mcv1
MCV2,MCV2,routine,CHN,China,2007,,,,,0.92,,mcv1
MCV2,MCV2,routine,CHN,China,2006,,,,,0.94,,mcv1
MCV1,MCV1,routine,CHN,China,2006,,,,,0,,mcv1
MCV2,MCV2,routine,CHN,China,2005,,,,,0.84,,mcv1
MCV1,MCV1,routine,CHN,China,2005,,,,,0,,mcv1
MCV2,MCV2,routine,CHN,China,2004,,,,,0,,mcv1
MCV1,MCV1,routine,CHN,China,2004,,,,,0,,mcv1
MCV2,MCV2,routine,CHN,China,2003,,,,,0,,mcv1
MCV1,MCV1,routine,CHN,China,2003,,,,,0,,mcv1
MCV1,MCV1,routine,CHN,China,2002,,,,,0,,mcv1
MCV2,MCV2,routine,CHN,China,2002,,,,,0,,mcv1
MCV1,MCV1,routine,CHN,China,2001,,,,,0,,mcv1
MCV2,MCV2,routine,CHN,China,2001,,,,,0,,mcv1
MCV2,MCV2,routine,CHN,China,2000,,,,,0,,mcv1
MCV1,MCV1,routine,CHN,China,2000,,,,,0,,mcv1
MCV1,MCV1,routine,CHN,China,1999,,,,,0,,mcv1
MCV1,MCV1,routine,CHN,China,1998,,,,,0,,mcv1
MCV1,MCV1,routine,CHN,China,1997,,,,,0,,mcv1
MCV1,MCV1,routine,CHN,China,1996,,,,,0,,mcv1
MCV1,MCV1,routine,CHN,China,1995,,,,,0,,mcv1
MCV1,MCV1,routine,CHN,China,1994,,,,,0,,mcv1
MCV1,MCV1,routine,CHN,China,1993,,,,,0,,mcv1
MCV1,MCV1,routine,CHN,China,1992,,,,,0,,mcv1
MCV1,MCV1,routine,CHN,China,1991,,,,,0,,mcv1
MCV1,MCV1,routine,CHN,China,1990,,,,,0,,mcv1
MCV1,MCV1,routine,CHN,China,1989,,,,,0,,mcv1
MCV1,MCV1,routine,CHN,China,1988,,,,,0,,mcv1
MCV1,MCV1,routine,CHN,China,1987,,,,,0,,mcv1
MCV1,MCV1,routine,CHN,China,1986,,,,,0,,mcv1
MCV1,MCV1,routine,CHN,China,1985,,,,,0,,mcv1
MCV1,MCV1,routine,CHN,China,1984,,,,,0,,mcv1
MCV1,MCV1,routine,CHN,China,1983,,,,,0,,mcv1
MCV1,MCV1,routine,CHN,China,1982,,,,,0,,mcv1
MCV1,MCV1,routine,CHN,China,1981,,,,,0,,mcv1
MCV1,MCV1,routine,CHN,China,1980,,,,,0,,mcv1
MCV1,MCV1,routine,COD,Democratic Republic of the Congo,2020,,,,,0,,mcv1
MCV2,MCV2,routine,COD,Democratic Republic of the Congo,2019,,,,,0,,mcv1
MCV1,MCV1,routine,COD,Democratic Republic of the Congo,2019,,,,,0,,mcv1
MCV1,MCV1,routine,COD,Democratic Republic of the Congo,2018,,,,,0,,mcv1
MCV2,MCV2,routine,COD,Democratic Republic of the Congo,2018,,,,,0,,mcv1
MCV1,MCV1,routine,COD,Democratic Republic of the Congo,2017,,,,,0,,mcv1
MCV2,MCV2,routine,COD,Democratic Republic of the Congo,2017,,,,,0,,mcv1
MCV2,MCV2,routine,COD,Democratic Republic of the Congo,2016,,,,,0,,mcv1
MCV1,MCV1,routine,COD,Democratic Republic of the Congo,2016,,,,,0,,mcv1
MCV2,MCV2,routine,COD,Democratic Republic of the Congo,2015,,,,,0,,mcv1
MCV1,MCV1,routine,COD,Democratic Republic of the Congo,2015,,,,,0,,mcv1
MCV1,MCV1,routine,COD,Democratic Republic of the Congo,2014,,,,,0,,mcv1
MCV2,MCV2,routine,COD,Democratic Republic of the Congo,2014,,,,,0,,mcv1
MCV2,MCV2,routine,COD,Democratic Republic of the Congo,2013,,,,,0,,mcv1
MCV1,MCV1,routine,COD,Democratic Republic of the Congo,2013,,,,,0,,mcv1
MCV1,MCV1,routine,COD,Democratic Republic of the Congo,2012,,,,,0,,mcv1
MCV2,MCV2,routine,COD,Democratic Republic of the Congo,2012,,,,,0,,mcv1
MCV1,MCV1,routine,COD,Democratic Republic of the Congo,2011,,,,,0,,mcv1
MCV2,MCV2,routine,COD,Democratic Republic of the Congo,2011,,,,,0,,mcv1
MCV1,MCV1,routine,COD,Democratic Republic of the Congo,2010,,,,,0,,mcv1
MCV2,MCV2,routine,COD,Democratic Republic of the Congo,2010,,,,,0,,mcv1
MCV1,MCV1,routine,COD,Democratic Republic of the Congo,2009,,,,,0,,mcv1
MCV2,MCV2,routine,COD,Democratic Republic of the Congo,2009,,,,,0,,mcv1
MCV2,MCV2,routine,COD,Democratic Republic of the Congo,2008,,,,,0,,mcv1
MCV1,MCV1,routine,COD,Democratic Republic of the Congo,2008,,,,,0,,mcv1
MCV1,MCV1,routine,COD,Democratic Republic of the Congo,2007,,,,,0,,mcv1
MCV2,MCV2,routine,COD,Democratic Republic of the Congo,2007,,,,,0,,mcv1
MCV2,MCV2,routine,COD,Democratic Republic of the Congo,2006,,,,,0,,mcv1
MCV1,MCV1,routine,COD,Democratic Republic of the Congo,2006,,,,,0,,mcv1
MCV1,MCV1,routine,COD,Democratic Republic of the Congo,2005,,,,,0,,mcv1
MCV2,MCV2,routine,COD,Democratic Republic of the Congo,2005,,,,,0,,mcv1
MCV2,MCV2,routine,COD,Democratic Republic of the Congo,2004,,,,,0,,mcv1
MCV1,MCV1,routine,COD,Democratic Republic of the Congo,2004,,,,,0,,mcv1
MCV1,MCV1,routine,COD,Democratic Republic of the Congo,2003,,,,,0,,mcv1
MCV2,MCV2,routine,COD,Democratic Republic of the Congo,2003,,,,,0,,mcv1
MCV1,MCV1,routine,COD,Democratic Republic of the Congo,2002,,,,,0,,mcv1
MCV2,MCV2,routine,COD,Democratic Republic of the Congo,2002,,,,,0,,mcv1
MCV1,MCV1,routine,COD,Democratic Republic of the Congo,2001,,,,,0,,mcv1
MCV2,MCV2,routine,COD,Democratic Republic of the Congo,2001,,,,,0,,mcv1
MCV1,MCV1,routine,COD,Democratic Republic of the Congo,2000,,,,,0,,mcv1
MCV2,MCV2,routine,COD,Democratic Republic of the Congo,2000,,,,,0,,mcv1
MCV1,MCV1,routine,COD,Democratic Republic of the Congo,1999,,,,,0,,mcv1
MCV1,MCV1,routine,COD,Democratic Republic of the Congo,1998,,,,,0,,mcv1
MCV1,MCV1,routine,COD,Democratic Republic of the Congo,1997,,,,,0,,mcv1
MCV1,MCV1,routine,COD,Democratic Republic of the Congo,1996,,,,,0,,mcv1
MCV1,MCV1,routine,COD,Democratic Republic of the Congo,1995,,,,,0,,mcv1
MCV1,MCV1,routine,COD,Democratic Republic of the Congo,1994,,,,,0,,mcv1
MCV1,MCV1,routine,COD,Democratic Republic of the Congo,1993,,,,,0,,mcv1
MCV1,MCV1,routine,COD,Democratic Republic of the Congo,1992,,,,,0,,mcv1
MCV1,MCV1,routine,COD,Democratic Republic of the Congo,1991,,,,,0,,mcv1
MCV1,MCV1,routine,COD,Democratic Republic of the Congo,1990,,,,,0,,mcv1
MCV1,MCV1,routine,COD,Democratic Republic of the Congo,1989,,,,,0,,mcv1
MCV1,MCV1,routine,COD,Democratic Republic of the Congo,1988,,,,,0,,mcv1
MCV1,MCV1,routine,COD,Democratic Republic of the Congo,1987,,,,,0,,mcv1
MCV1,MCV1,routine,COD,Democratic Republic of the Congo,1986,,,,,0,,mcv1
MCV1,MCV1,routine,COD,Democratic Republic of the Congo,1985,,,,,0,,mcv1
MCV1,MCV1,routine,COD,Democratic Republic of the Congo,1984,,,,,0,,mcv1
MCV1,MCV1,routine,COD,Democratic Republic of the Congo,1983,,,,,0,,mcv1
MCV1,MCV1,routine,COD,Democratic Republic of the Congo,1982,,,,,0,,mcv1
MCV1,MCV1,routine,COD,Democratic Republic of the Congo,1981,,,,,0,,mcv1
MCV1,MCV1,routine,COD,Democratic Republic of the Congo,1980,,,,,0,,mcv1
MCV1,MCV1,routine,ETH,Ethiopia,2020,,,,,0,,mcv1
MCV2,MCV2,routine,ETH,Ethiopia,2020,,,,,0.46,,mcv1
MCV1,MCV1,routine,ETH,Ethiopia,2019,,,,,0,,mcv1
MCV2,MCV2,routine,ETH,Ethiopia,2019,,,,,0.41,,mcv1
MCV2,MCV2,routine,ETH,Ethiopia,2018,,,,,0,,mcv1
MCV1,MCV1,routine,ETH,Ethiopia,2018,,,,,0,,mcv1
MCV1,MCV1,routine,ETH,Ethiopia,2017,,,,,0,,mcv1
MCV2,MCV2,routine,ETH,Ethiopia,2017,,,,,0,,mcv1
MCV2,MCV2,routine,ETH,Ethiopia,2016,,,,,0,,mcv1
MCV1,MCV1,routine,ETH,Ethiopia,2016,,,,,0,,mcv1
MCV1,MCV1,routine,ETH,Ethiopia,2015,,,,,0,,mcv1
MCV2,MCV2,routine,ETH,Ethiopia,2015,,,,,0,,mcv1
MCV1,MCV1,routine,ETH,Ethiopia,2014,,,,,0,,mcv1
MCV2,MCV2,routine,ETH,Ethiopia,2014,,,,,0,,mcv1
MCV1,MCV1,routine,ETH,Ethiopia,2013,,,,,0,,mcv1
MCV2,MCV2,routine,ETH,Ethiopia,2013,,,,,0,,mcv1
MCV1,MCV1,routine,ETH,Ethiopia,2012,,,,,0,,mcv1
MCV2,MCV2,routine,ETH,Ethiopia,2012,,,,,0,,mcv1
MCV2,MCV2,routine,ETH,Ethiopia,2011,,,,,0,,mcv1
MCV1,MCV1,routine,ETH,Ethiopia,2011,,,,,0,,mcv1
MCV2,MCV2,routine,ETH,Ethiopia,2010,,,,,0,,mcv1
MCV1,MCV1,routine,ETH,Ethiopia,2010,,,,,0,,mcv1
MCV1,MCV1,routine,ETH,Ethiopia,2009,,,,,0,,mcv1
MCV2,MCV2,routine,ETH,Ethiopia,2009,,,,,0,,mcv1
MCV1,MCV1,routine,ETH,Ethiopia,2008,,,,,0,,mcv1
MCV2,MCV2,routine,ETH,Ethiopia,2008,,,,,0,,mcv1
MCV1,MCV1,routine,ETH,Ethiopia,2007,,,,,0,,mcv1
MCV2,MCV2,routine,ETH,Ethiopia,2007,,,,,0,,mcv1
MCV2,MCV2,routine,ETH,Ethiopia,2006,,,,,0,,mcv1
MCV1,MCV1,routine,ETH,Ethiopia,2006,,,,,0,,mcv1
MCV1,MCV1,routine,ETH,Ethiopia,2005,,,,,0,,mcv1
MCV2,MCV2,routine,ETH,Ethiopia,2005,,,,,0,,mcv1
MCV2,MCV2,routine,ETH,Ethiopia,2004,,,,,0,,mcv1
MCV1,MCV1,routine,ETH,Ethiopia,2004,,,,,0,,mcv1
MCV1,MCV1,routine,ETH,Ethiopia,2003,,,,,0,,mcv1
MCV2,MCV2,routine,ETH,Ethiopia,2003,,,,,0,,mcv1
MCV1,MCV1,routine,ETH,Ethiopia,2002,,,,,0,,mcv1
MCV2,MCV2,routine,ETH,Ethiopia,2002,,,,,0,,mcv1
MCV1,MCV1,routine,ETH,Ethiopia,2001,,,,,0,,mcv1
MCV2,MCV2,routine,ETH,Ethiopia,2001,,,,,0,,mcv1
MCV2,MCV2,routine,ETH,Ethiopia,2000,,,,,0,,mcv1
MCV1,MCV1,routine,ETH,Ethiopia,2000,,,,,0,,mcv1
MCV1,MCV1,routine,ETH,Ethiopia,1999,,,,,0,,mcv1
MCV1,MCV1,routine,ETH,Ethiopia,1998,,,,,0,,mcv1
MCV1,MCV1,routine,ETH,Ethiopia,1997,,,,,0,,mcv1
MCV1,MCV1,routine,ETH,Ethiopia,1996,,,,,0,,mcv1
MCV1,MCV1,routine,ETH,Ethiopia,1995,,,,,0,,mcv1
MCV1,MCV1,routine,ETH,Ethiopia,1994,,,,,0,,mcv1
MCV1,MCV1,routine,ETH,Ethiopia,1993,,,,,0,,mcv1
MCV1,MCV1,routine,ETH,Ethiopia,1992,,,,,0,,mcv1
MCV1,MCV1,routine,ETH,Ethiopia,1991,,,,,0,,mcv1
MCV1,MCV1,routine,ETH,Ethiopia,1990,,,,,0,,mcv1
MCV1,MCV1,routine,ETH,Ethiopia,1989,,,,,0,,mcv1
MCV1,MCV1,routine,ETH,Ethiopia,1988,,,,,0,,mcv1
MCV1,MCV1,routine,ETH,Ethiopia,1987,,,,,0,,mcv1
MCV1,MCV1,routine,ETH,Ethiopia,1986,,,,,0,,mcv1
MCV1,MCV1,routine,ETH,Ethiopia,1985,,,,,0,,mcv1
MCV1,MCV1,routine,ETH,Ethiopia,1984,,,,,0,,mcv1
MCV1,MCV1,routine,ETH,Ethiopia,1983,,,,,0,,mcv1
MCV1,MCV1,routine,ETH,Ethiopia,1982,,,,,0,,mcv1
MCV1,MCV1,routine,ETH,Ethiopia,1981,,,,,0,,mcv1
MCV1,MCV1,routine,ETH,Ethiopia,1980,,,,,0,,mcv1
MCV1,MCV1,routine,IND,India,2020,,,,,0,,mcv1
MCV2,MCV2,routine,IND,India,2020,,,,,0.81,,mcv1
MCV2,MCV2,routine,IND,India,2019,,,,,0.84,,mcv1
MCV1,MCV1,routine,IND,India,2019,,,,,0,,mcv1
MCV2,MCV2,routine,IND,India,2018,,,,,0.82,,mcv1
MCV1,MCV1,routine,IND,India,2018,,,,,0,,mcv1
MCV1,MCV1,routine,IND,India,2017,,,,,0,,mcv1
MCV2,MCV2,routine,IND,India,2017,,,,,0.8,,mcv1
MCV1,MCV1,routine,IND,India,2016,,,,,0,,mcv1
MCV2,MCV2,routine,IND,India,2016,,,,,0.76,,mcv1
MCV2,MCV2,routine,IND,India,2015,,,,,0.69,,mcv1
MCV1,MCV1,routine,IND,India,2015,,,,,0,,mcv1
MCV1,MCV1,routine,IND,India,2014,,,,,0,,mcv1
MCV2,MCV2,routine,IND,India,2014,,,,,0.6,,mcv1
MCV2,MCV2,routine,IND,India,2013,,,,,0.51,,mcv1
MCV1,MCV1,routine,IND,India,2013,,,,,0,,mcv1
MCV1,MCV1,routine,IND,India,2012,,,,,0,,mcv1
MCV2,MCV2,routine,IND,India,2012,,,,,0.36,,mcv1
MCV1,MCV1,routine,IND,India,2011,,,,,0,,mcv1
MCV2,MCV2,routine,IND,India,2011,,,,,0.27,,mcv1
MCV2,MCV2,routine,IND,India,2010,,,,,0,,mcv1
MCV1,MCV1,routine,IND,India,2010,,,,,0,,mcv1
MCV1,MCV1,routine,IND,India,2009,,,,,0,,mcv1
MCV2,MCV2,routine,IND,India,2009,,,,,0,,mcv1
MCV1,MCV1,routine,IND,India,2008,,,,,0,,mcv1
MCV2,MCV2,routine,IND,India,2008,,,,,0,,mcv1
MCV2,MCV2,routine,IND,India,2007,,,,,0,,mcv1
MCV1,MCV1,routine,IND,India,2007,,,,,0,,mcv1
MCV1,MCV1,routine,IND,India,2006,,,,,0,,mcv1
MCV2,MCV2,routine,IND,India,2006,,,,,0,,mcv1
MCV2,MCV2,routine,IND,India,2005,,,,,0,,mcv1
MCV1,MCV1,routine,IND,India,2005,,,,,0,,mcv1
MCV2,MCV2,routine,IND,India,2004,,,,,0,,mcv1
MCV1,MCV1,routine,IND,India,2004,,,,,0,,mcv1
MCV2,MCV2,routine,IND,India,2003,,,,,0,,mcv1
MCV1,MCV1,routine,IND,India,2003,,,,,0,,mcv1
MCV1,MCV1,routine,IND,India,2002,,,,,0,,mcv1
MCV2,MCV2,routine,IND,India,2002,,,,,0,,mcv1
MCV2,MCV2,routine,IND,India,2001,,,,,0,,mcv1
MCV1,MCV1,routine,IND,India,2001,,,,,0,,mcv1
MCV1,MCV1,routine,IND,India,2000,,,,,0,,mcv1
MCV2,MCV2,routine,IND,India,2000,,,,,0,,mcv1
MCV1,MCV1,routine,IND,India,1999,,,,,0,,mcv1
MCV1,MCV1,routine,IND,India,1998,,,,,0,,mcv1
MCV1,MCV1,routine,IND,India,1997,,,,,0,,mcv1
MCV1,MCV1,routine,IND,India,1996,,,,,0,,mcv1
MCV1,MCV1,routine,IND,India,1995,,,,,0,,mcv1
MCV1,MCV1,routine,IND,India,1994,,,,,0,,mcv1
MCV1,MCV1,routine,IND,India,1993,,,,,0,,mcv1
MCV1,MCV1,routine,IND,India,1992,,,,,0,,mcv1
MCV1,MCV1,routine,IND,India,1991,,,,,0,,mcv1
MCV1,MCV1,routine,IND,India,1990,,,,,0,,mcv1
MCV1,MCV1,routine,IND,India,1989,,,,,0,,mcv1
MCV1,MCV1,routine,IND,India,1988,,,,,0,,mcv1
MCV1,MCV1,routine,IND,India,1987,,,,,0,,mcv1
MCV1,MCV1,routine,IND,India,1986,,,,,0,,mcv1
MCV1,MCV1,routine,IND,India,1985,,,,,0,,mcv1
MCV1,MCV1,routine,IND,India,1984,,,,,0,,mcv1
MCV1,MCV1,routine,IND,India,1983,,,,,0,,mcv1
MCV1,MCV1,routine,IND,India,1982,,,,,0,,mcv1
MCV1,MCV1,routine,IND,India,1981,,,,,0,,mcv1
MCV1,MCV1,routine,IND,India,1980,,,,,0,,mcv1
MCV1,MCV1,routine,IDN,Indonesia,2020,,,,,0,,mcv1
MCV2,MCV2,routine,IDN,Indonesia,2020,,,,,0.49,,mcv1
MCV1,MCV1,routine,IDN,Indonesia,2019,,,,,0,,mcv1
MCV2,MCV2,routine,IDN,Indonesia,2019,,,,,0.71,,mcv1
MCV2,MCV2,routine,IDN,Indonesia,2018,,,,,0.67,,mcv1
MCV1,MCV1,routine,IDN,Indonesia,2018,,,,,0,,mcv1
MCV2,MCV2,routine,IDN,Indonesia,2017,,,,,0.63,,mcv1
MCV1,MCV1,routine,IDN,Indonesia,2017,,,,,0,,mcv1
MCV1,MCV1,routine,IDN,Indonesia,2016,,,,,0,,mcv1
MCV2,MCV2,routine,IDN,Indonesia,2016,,,,,0.55,,mcv1
MCV2,MCV2,routine,IDN,Indonesia,2015,,,,,0.31,,mcv1
MCV1,MCV1,routine,IDN,Indonesia,2015,,,,,0,,mcv1
MCV1,MCV1,routine,IDN,Indonesia,2014,,,,,0,,mcv1
MCV2,MCV2,routine,IDN,Indonesia,2014,,,,,0.28,,mcv1
MCV2,MCV2,routine,IDN,Indonesia,2013,,,,,0.76,,mcv1
MCV1,MCV1,routine,IDN,Indonesia,2013,,,,,0,,mcv1
MCV2,MCV2,routine,IDN,Indonesia,2012,,,,,0.78,,mcv1
MCV1,MCV1,routine,IDN,Indonesia,2012,,,,,0,,mcv1
MCV1,MCV1,routine,IDN,Indonesia,2011,,,,,0,,mcv1
MCV2,MCV2,routine,IDN,Indonesia,2011,,,,,0.76,,mcv1
MCV2,MCV2,routine,IDN,Indonesia,2010,,,,,0.74,,mcv1
MCV1,MCV1,routine,IDN,Indonesia,2010,,,,,0,,mcv1
MCV1,MCV1,routine,IDN,Indonesia,2009,,,,,0,,mcv1
MCV2,MCV2,routine,IDN,Indonesia,2009,,,,,0.67,,mcv1
MCV1,MCV1,routine,IDN,Indonesia,2008,,,,,0,,mcv1
MCV2,MCV2,routine,IDN,Indonesia,2008,,,,,0.66,,mcv1
MCV1,MCV1,routine,IDN,Indonesia,2007,,,,,0,,mcv1
MCV2,MCV2,routine,IDN,Indonesia,2007,,,,,0.73,,mcv1
MCV1,MCV1,routine,IDN,Indonesia,2006,,,,,0,,mcv1
MCV2,MCV2,routine,IDN,Indonesia,2006,,,,,0.5,,mcv1
MCV2,MCV2,routine,IDN,Indonesia,2005,,,,,0.23,,mcv1
MCV1,MCV1,routine,IDN,Indonesia,2005,,,,,0,,mcv1
MCV1,MCV1,routine,IDN,Indonesia,2004,,,,,0,,mcv1
MCV2,MCV2,routine,IDN,Indonesia,2004,,,,,0.29,,mcv1
MCV1,MCV1,routine,IDN,Indonesia,2003,,,,,0,,mcv1
MCV2,MCV2,routine,IDN,Indonesia,2003,,,,,0.21,,mcv1
MCV2,MCV2,routine,IDN,Indonesia,2002,,,,,0,,mcv1
MCV1,MCV1,routine,IDN,Indonesia,2002,,,,,0,,mcv1
MCV2,MCV2,routine,IDN,Indonesia,2001,,,,,0,,mcv1
MCV1,MCV1,routine,IDN,Indonesia,2001,,,,,0,,mcv1
MCV1,MCV1,routine,IDN,Indonesia,2000,,,,,0,,mcv1
MCV2,MCV2,routine,IDN,Indonesia,2000,,,,,0,,mcv1
MCV1,MCV1,routine,IDN,Indonesia,1999,,,,,0,,mcv1
MCV1,MCV1,routine,IDN,Indonesia,1998,,,,,0,,mcv1
MCV1,MCV1,routine,IDN,Indonesia,1997,,,,,0,,mcv1
MCV1,MCV1,routine,IDN,Indonesia,1996,,,,,0,,mcv1
MCV1,MCV1,routine,IDN,Indonesia,1995,,,,,0,,mcv1
MCV1,MCV1,routine,IDN,Indonesia,1994,,,,,0,,mcv1
MCV1,MCV1,routine,IDN,Indonesia,1993,,,,,0,,mcv1
MCV1,MCV1,routine,IDN,Indonesia,1992,,,,,0,,mcv1
MCV1,MCV1,routine,IDN,Indonesia,1991,,,,,0,,mcv1
MCV1,MCV1,routine,IDN,Indonesia,1990,,,,,0,,mcv1
MCV1,MCV1,routine,IDN,Indonesia,1989,,,,,0,,mcv1
MCV1,MCV1,routine,IDN,Indonesia,1988,,,,,0,,mcv1
MCV1,MCV1,routine,IDN,Indonesia,1987,,,,,0,,mcv1
MCV1,MCV1,routine,IDN,Indonesia,1986,,,,,0,,mcv1
MCV1,MCV1,routine,IDN,Indonesia,1985,,,,,0,,mcv1
MCV1,MCV1,routine,IDN,Indonesia,1984,,,,,0,,mcv1
MCV1,MCV1,routine,IDN,Indonesia,1983,,,,,0,,mcv1
MCV1,MCV1,routine,IDN,Indonesia,1982,,,,,0,,mcv1
MCV1,MCV1,routine,IDN,Indonesia,1981,,,,,0,,mcv1
MCV1,MCV1,routine,IDN,Indonesia,1980,,,,,0,,mcv1
MCV1,MCV1,routine,MDG,Madagascar,2020,,,,,0,,mcv1
MCV2,MCV2,routine,MDG,Madagascar,2020,,,,,0.24,,mcv1
MCV1,MCV1,routine,MDG,Madagascar,2019,,,,,0,,mcv1
MCV2,MCV2,routine,MDG,Madagascar,2019,,,,,0,,mcv1
MCV2,MCV2,routine,MDG,Madagascar,2018,,,,,0,,mcv1
MCV1,MCV1,routine,MDG,Madagascar,2018,,,,,0,,mcv1
MCV1,MCV1,routine,MDG,Madagascar,2017,,,,,0,,mcv1
MCV2,MCV2,routine,MDG,Madagascar,2017,,,,,0,,mcv1
MCV2,MCV2,routine,MDG,Madagascar,2016,,,,,0,,mcv1
MCV1,MCV1,routine,MDG,Madagascar,2016,,,,,0,,mcv1
MCV2,MCV2,routine,MDG,Madagascar,2015,,,,,0,,mcv1
MCV1,MCV1,routine,MDG,Madagascar,2015,,,,,0,,mcv1
MCV1,MCV1,routine,MDG,Madagascar,2014,,,,,0,,mcv1
MCV2,MCV2,routine,MDG,Madagascar,2014,,,,,0,,mcv1
MCV1,MCV1,routine,MDG,Madagascar,2013,,,,,0,,mcv1
MCV2,MCV2,routine,MDG,Madagascar,2013,,,,,0,,mcv1
MCV1,MCV1,routine,MDG,Madagascar,2012,,,,,0,,mcv1
MCV2,MCV2,routine,MDG,Madagascar,2012,,,,,0,,mcv1
MCV2,MCV2,routine,MDG,Madagascar,2011,,,,,0,,mcv1
MCV1,MCV1,routine,MDG,Madagascar,2011,,,,,0,,mcv1
MCV2,MCV2,routine,MDG,Madagascar,2010,,,,,0,,mcv1
MCV1,MCV1,routine,MDG,Madagascar,2010,,,,,0,,mcv1
MCV1,MCV1,routine,MDG,Madagascar,2009,,,,,0,,mcv1
MCV2,MCV2,routine,MDG,Madagascar,2009,,,,,0,,mcv1
MCV2,MCV2,routine,MDG,Madagascar,2008,,,,,0,,mcv1
MCV1,MCV1,routine,MDG,Madagascar,2008,,,,,0,,mcv1
MCV2,MCV2,routine,MDG,Madagascar,2007,,,,,0,,mcv1
MCV1,MCV1,routine,MDG,Madagascar,2007,,,,,0,,mcv1
MCV1,MCV1,routine,MDG,Madagascar,2006,,,,,0,,mcv1
MCV2,MCV2,routine,MDG,Madagascar,2006,,,,,0,,mcv1
MCV1,MCV1,routine,MDG,Madagascar,2005,,,,,0,,mcv1
MCV2,MCV2,routine,MDG,Madagascar,2005,,,,,0,,mcv1
MCV1,MCV1,routine,MDG,Madagascar,2004,,,,,0,,mcv1
MCV2,MCV2,routine,MDG,Madagascar,2004,,,,,0,,mcv1
MCV1,MCV1,routine,MDG,Madagascar,2003,,,,,0,,mcv1
MCV2,MCV2,routine,MDG,Madagascar,2003,,,,,0,,mcv1
MCV2,MCV2,routine,MDG,Madagascar,2002,,,,,0,,mcv1
MCV1,MCV1,routine,MDG,Madagascar,2002,,,,,0,,mcv1
MCV1,MCV1,routine,MDG,Madagascar,2001,,,,,0,,mcv1
MCV2,MCV2,routine,MDG,Madagascar,2001,,,,,0,,mcv1
MCV1,MCV1,routine,MDG,Madagascar,2000,,,,,0,,mcv1
MCV2,MCV2,routine,MDG,Madagascar,2000,,,,,0,,mcv1
MCV1,MCV1,routine,MDG,Madagascar,1999,,,,,0,,mcv1
MCV1,MCV1,routine,MDG,Madagascar,1998,,,,,0,,mcv1
MCV1,MCV1,routine,MDG,Madagascar,1997,,,,,0,,mcv1
MCV1,MCV1,routine,MDG,Madagascar,1996,,,,,0,,mcv1
MCV1,MCV1,routine,MDG,Madagascar,1995,,,,,0,,mcv1
MCV1,MCV1,routine,MDG,Madagascar,1994,,,,,0,,mcv1
MCV1,MCV1,routine,MDG,Madagascar,1993,,,,,0,,mcv1
MCV1,MCV1,routine,MDG,Madagascar,1992,,,,,0,,mcv1
MCV1,MCV1,routine,MDG,Madagascar,1991,,,,,0,,mcv1
MCV1,MCV1,routine,MDG,Madagascar,1990,,,,,0,,mcv1
MCV1,MCV1,routine,MDG,Madagascar,1989,,,,,0,,mcv1
MCV1,MCV1,routine,MDG,Madagascar,1988,,,,,0,,mcv1
MCV1,MCV1,routine,MDG,Madagascar,1987,,,,,0,,mcv1
MCV1,MCV1,routine,MDG,Madagascar,1986,,,,,0,,mcv1
MCV1,MCV1,routine,MDG,Madagascar,1985,,,,,0,,mcv1
MCV1,MCV1,routine,MDG,Madagascar,1984,,,,,0,,mcv1
MCV1,MCV1,routine,MDG,Madagascar,1983,,,,,0,,mcv1
MCV1,MCV1,routine,MDG,Madagascar,1982,,,,,0,,mcv1
MCV1,MCV1,routine,MDG,Madagascar,1981,,,,,0,,mcv1
MCV1,MCV1,routine,MDG,Madagascar,1980,,,,,0,,mcv1
MCV1,MCV1,routine,MOZ,Mozambique,2020,,,,,0,,mcv1
MCV2,MCV2,routine,MOZ,Mozambique,2020,,,,,0.62,,mcv1
MCV2,MCV2,routine,MOZ,Mozambique,2019,,,,,0.64,,mcv1
MCV1,MCV1,routine,MOZ,Mozambique,2019,,,,,0,,mcv1
MCV1,MCV1,routine,MOZ,Mozambique,2018,,,,,0,,mcv1
MCV2,MCV2,routine,MOZ,Mozambique,2018,,,,,0.58,,mcv1
MCV1,MCV1,routine,MOZ,Mozambique,2017,,,,,0,,mcv1
MCV2,MCV2,routine,MOZ,Mozambique,2017,,,,,0.45,,mcv1
MCV1,MCV1,routine,MOZ,Mozambique,2016,,,,,0,,mcv1
MCV2,MCV2,routine,MOZ,Mozambique,2016,,,,,0.36,,mcv1
MCV1,MCV1,routine,MOZ,Mozambique,2015,,,,,0,,mcv1
MCV2,MCV2,routine,MOZ,Mozambique,2015,,,,,0,,mcv1
MCV1,MCV1,routine,MOZ,Mozambique,2014,,,,,0,,mcv1
MCV2,MCV2,routine,MOZ,Mozambique,2014,,,,,0,,mcv1
MCV2,MCV2,routine,MOZ,Mozambique,2013,,,,,0,,mcv1
MCV1,MCV1,routine,MOZ,Mozambique,2013,,,,,0,,mcv1
MCV1,MCV1,routine,MOZ,Mozambique,2012,,,,,0,,mcv1
MCV2,MCV2,routine,MOZ,Mozambique,2012,,,,,0,,mcv1
MCV1,MCV1,routine,MOZ,Mozambique,2011,,,,,0,,mcv1
MCV2,MCV2,routine,MOZ,Mozambique,2011,,,,,0,,mcv1
MCV1,MCV1,routine,MOZ,Mozambique,2010,,,,,0,,mcv1
MCV2,MCV2,routine,MOZ,Mozambique,2010,,,,,0,,mcv1
MCV1,MCV1,routine,MOZ,Mozambique,2009,,,,,0,,mcv1
MCV2,MCV2,routine,MOZ,Mozambique,2009,,,,,0,,mcv1
MCV1,MCV1,routine,MOZ,Mozambique,2008,,,,,0,,mcv1
MCV2,MCV2,routine,MOZ,Mozambique,2008,,,,,0,,mcv1
MCV1,MCV1,routine,MOZ,Mozambique,2007,,,,,0,,mcv1
MCV2,MCV2,routine,MOZ,Mozambique,2007,,,,,0,,mcv1
MCV2,MCV2,routine,MOZ,Mozambique,2006,,,,,0,,mcv1
MCV1,MCV1,routine,MOZ,Mozambique,2006,,,,,0,,mcv1
MCV1,MCV1,routine,MOZ,Mozambique,2005,,,,,0,,mcv1
MCV2,MCV2,routine,MOZ,Mozambique,2005,,,,,0,,mcv1
MCV2,MCV2,routine,MOZ,Mozambique,2004,,,,,0,,mcv1
MCV1,MCV1,routine,MOZ,Mozambique,2004,,,,,0,,mcv1
MCV1,MCV1,routine,MOZ,Mozambique,2003,,,,,0,,mcv1
MCV2,MCV2,routine,MOZ,Mozambique,2003,,,,,0,,mcv1
MCV2,MCV2,routine,MOZ,Mozambique,2002,,,,,0,,mcv1
MCV1,MCV1,routine,MOZ,Mozambique,2002,,,,,0,,mcv1
MCV2,MCV2,routine,MOZ,Mozambique,2001,,,,,0,,mcv1
MCV1,MCV1,routine,MOZ,Mozambique,2001,,,,,0,,mcv1
MCV1,MCV1,routine,MOZ,Mozambique,2000,,,,,0,,mcv1
MCV2,MCV2,routine,MOZ,Mozambique,2000,,,,,0,,mcv1
MCV1,MCV1,routine,MOZ,Mozambique,1999,,,,,0,,mcv1
MCV1,MCV1,routine,MOZ,Mozambique,1998,,,,,0,,mcv1
MCV1,MCV1,routine,MOZ,Mozambique,1997,,,,,0,,mcv1
MCV1,MCV1,routine,MOZ,Mozambique,1996,,,,,0,,mcv1
MCV1,MCV1,routine,MOZ,Mozambique,1995,,,,,0,,mcv1
MCV1,MCV1,routine,MOZ,Mozambique,1994,,,,,0,,mcv1
MCV1,MCV1,routine,MOZ,Mozambique,1993,,,,,0,,mcv1
MCV1,MCV1,routine,MOZ,Mozambique,1992,,,,,0,,mcv1
MCV1,MCV1,routine,MOZ,Mozambique,1991,,,,,0,,mcv1
MCV1,MCV1,routine,MOZ,Mozambique,1990,,,,,0,,mcv1
MCV1,MCV1,routine,MOZ,Mozambique,1989,,,,,0,,mcv1
MCV1,MCV1,routine,MOZ,Mozambique,1988,,,,,0,,mcv1
MCV1,MCV1,routine,MOZ,Mozambique,1987,,,,,0,,mcv1
MCV1,MCV1,routine,MOZ,Mozambique,1986,,,,,0,,mcv1
MCV1,MCV1,routine,MOZ,Mozambique,1985,,,,,0,,mcv1
MCV1,MCV1,routine,MOZ,Mozambique,1984,,,,,0,,mcv1
MCV1,MCV1,routine,MOZ,Mozambique,1983,,,,,0,,mcv1
MCV1,MCV1,routine,MOZ,Mozambique,1982,,,,,0,,mcv1
MCV1,MCV1,routine,MOZ,Mozambique,1981,,,,,0,,mcv1
MCV1,MCV1,routine,MOZ,Mozambique,1980,,,,,0,,mcv1
MCV2,MCV2,routine,NER,Niger,2020,,,,,0.6,,mcv1
MCV1,MCV1,routine,NER,Niger,2020,,,,,0,,mcv1
MCV1,MCV1,routine,NER,Niger,2019,,,,,0,,mcv1
MCV2,MCV2,routine,NER,Niger,2019,,,,,0.58,,mcv1
MCV1,MCV1,routine,NER,Niger,2018,,,,,0,,mcv1
MCV2,MCV2,routine,NER,Niger,2018,,,,,0.48,,mcv1
MCV2,MCV2,routine,NER,Niger,2017,,,,,0.46,,mcv1
MCV1,MCV1,routine,NER,Niger,2017,,,,,0,,mcv1
MCV2,MCV2,routine,NER,Niger,2016,,,,,0.31,,mcv1
MCV1,MCV1,routine,NER,Niger,2016,,,,,0,,mcv1
MCV2,MCV2,routine,NER,Niger,2015,,,,,0.16,,mcv1
MCV1,MCV1,routine,NER,Niger,2015,,,,,0,,mcv1
MCV1,MCV1,routine,NER,Niger,2014,,,,,0,,mcv1
MCV2,MCV2,routine,NER,Niger,2014,,,,,0.03,,mcv1
MCV1,MCV1,routine,NER,Niger,2013,,,,,0,,mcv1
MCV2,MCV2,routine,NER,Niger,2013,,,,,0,,mcv1
MCV1,MCV1,routine,NER,Niger,2012,,,,,0,,mcv1
MCV2,MCV2,routine,NER,Niger,2012,,,,,0,,mcv1
MCV1,MCV1,routine,NER,Niger,2011,,,,,0,,mcv1
MCV2,MCV2,routine,NER,Niger,2011,,,,,0,,mcv1
MCV2,MCV2,routine,NER,Niger,2010,,,,,0,,mcv1
MCV1,MCV1,routine,NER,Niger,2010,,,,,0,,mcv1
MCV2,MCV2,routine,NER,Niger,2009,,,,,0,,mcv1
MCV1,MCV1,routine,NER,Niger,2009,,,,,0,,mcv1
MCV1,MCV1,routine,NER,Niger,2008,,,,,0,,mcv1
MCV2,MCV2,routine,NER,Niger,2008,,,,,0,,mcv1
MCV2,MCV2,routine,NER,Niger,2007,,,,,0,,mcv1
MCV1,MCV1,routine,NER,Niger,2007,,,,,0,,mcv1
MCV2,MCV2,routine,NER,Niger,2006,,,,,0,,mcv1
MCV1,MCV1,routine,NER,Niger,2006,,,,,0,,mcv1
MCV2,MCV2,routine,NER,Niger,2005,,,,,0,,mcv1
MCV1,MCV1,routine,NER,Niger,2005,,,,,0,,mcv1
MCV1,MCV1,routine,NER,Niger,2004,,,,,0,,mcv1
MCV2,MCV2,routine,NER,Niger,2004,,,,,0,,mcv1
MCV2,MCV2,routine,NER,Niger,2003,,,,,0,,mcv1
MCV1,MCV1,routine,NER,Niger,2003,,,,,0,,mcv1
MCV1,MCV1,routine,NER,Niger,2002,,,,,0,,mcv1
MCV2,MCV2,routine,NER,Niger,2002,,,,,0,,mcv1
MCV1,MCV1,routine,NER,Niger,2001,,,,,0,,mcv1
MCV2,MCV2,routine,NER,Niger,2001,,,,,0,,mcv1
MCV2,MCV2,routine,NER,Niger,2000,,,,,0,,mcv1
MCV1,MCV1,routine,NER,Niger,2000,,,,,0,,mcv1
MCV1,MCV1,routine,NER,Niger,1999,,,,,0,,mcv1
MCV1,MCV1,routine,NER,Niger,1998,,,,,0,,mcv1
MCV1,MCV1,routine,NER,Niger,1997,,,,,0,,mcv1
MCV1,MCV1,routine,NER,Niger,1996,,,,,0,,mcv1
MCV1,MCV1,routine,NER,Niger,1995,,,,,0,,mcv1
MCV1,MCV1,routine,NER,Niger,1994,,,,,0,,mcv1
MCV1,MCV1,routine,NER,Niger,1993,,,,,0,,mcv1
MCV1,MCV1,routine,NER,Niger,1992,,,,,0,,mcv1
MCV1,MCV1,routine,NER,Niger,1991,,,,,0,,mcv1
MCV1,MCV1,routine,NER,Niger,1990,,,,,0,,mcv1
MCV1,MCV1,routine,NER,Niger,1989,,,,,0,,mcv1
MCV1,MCV1,routine,NER,Niger,1988,,,,,0,,mcv1
MCV1,MCV1,routine,NER,Niger,1987,,,,,0,,mcv1
MCV1,MCV1,routine,NER,Niger,1986,,,,,0,,mcv1
MCV1,MCV1,routine,NER,Niger,1985,,,,,0,,mcv1
MCV1,MCV1,routine,NER,Niger,1984,,,,,0,,mcv1
MCV1,MCV1,routine,NER,Niger,1983,,,,,0,,mcv1
MCV1,MCV1,routine,NER,Niger,1982,,,,,0,,mcv1
MCV1,MCV1,routine,NER,Niger,1981,,,,,0,,mcv1
MCV1,MCV1,routine,NER,Niger,1980,,,,,0,,mcv1
MCV2,MCV2,routine,NGA,Nigeria,2020,,,,,0.12,,mcv1
MCV1,MCV1,routine,NGA,Nigeria,2020,,,,,0,,mcv1
MCV2,MCV2,routine,NGA,Nigeria,2019,,,,,0.09,,mcv1
MCV1,MCV1,routine,NGA,Nigeria,2019,,,,,0,,mcv1
MCV1,MCV1,routine,NGA,Nigeria,2018,,,,,0,,mcv1
MCV2,MCV2,routine,NGA,Nigeria,2018,,,,,0,,mcv1
MCV1,MCV1,routine,NGA,Nigeria,2017,,,,,0,,mcv1
MCV2,MCV2,routine,NGA,Nigeria,2017,,,,,0,,mcv1
MCV2,MCV2,routine,NGA,Nigeria,2016,,,,,0,,mcv1
MCV1,MCV1,routine,NGA,Nigeria,2016,,,,,0,,mcv1
MCV1,MCV1,routine,NGA,Nigeria,2015,,,,,0,,mcv1
MCV2,MCV2,routine,NGA,Nigeria,2015,,,,,0,,mcv1
MCV1,MCV1,routine,NGA,Nigeria,2014,,,,,0,,mcv1
MCV2,MCV2,routine,NGA,Nigeria,2014,,,,,0,,mcv1
MCV1,MCV1,routine,NGA,Nigeria,2013,,,,,0,,mcv1
MCV2,MCV2,routine,NGA,Nigeria,2013,,,,,0,,mcv1
MCV1,MCV1,routine,NGA,Nigeria,2012,,,,,0,,mcv1
MCV2,MCV2,routine,NGA,Nigeria,2012,,,,,0,,mcv1
MCV1,MCV1,routine,NGA,Nigeria,2011,,,,,0,,mcv1
MCV2,MCV2,routine,NGA,Nigeria,2011,,,,,0,,mcv1
MCV1,MCV1,routine,NGA,Nigeria,2010,,,,,0,,mcv1
MCV2,MCV2,routine,NGA,Nigeria,2010,,,,,0,,mcv1
MCV2,MCV2,routine,NGA,Nigeria,2009,,,,,0,,mcv1
MCV1,MCV1,routine,NGA,Nigeria,2009,,,,,0,,mcv1
MCV2,MCV2,routine,NGA,Nigeria,2008,,,,,0,,mcv1
MCV1,MCV1,routine,NGA,Nigeria,2008,,,,,0,,mcv1
MCV1,MCV1,routine,NGA,Nigeria,2007,,,,,0,,mcv1
MCV2,MCV2,routine,NGA,Nigeria,2007,,,,,0,,mcv1
MCV1,MCV1,routine,NGA,Nigeria,2006,,,,,0,,mcv1
MCV2,MCV2,routine,NGA,Nigeria,2006,,,,,0,,mcv1
MCV2,MCV2,routine,NGA,Nigeria,2005,,,,,0,,mcv1
MCV1,MCV1,routine,NGA,Nigeria,2005,,,,,0,,mcv1
MCV1,MCV1,routine,NGA,Nigeria,2004,,,,,0,,mcv1
MCV2,MCV2,routine,NGA,Nigeria,2004,,,,,0,,mcv1
MCV1,MCV1,routine,NGA,Nigeria,2003,,,,,0,,mcv1
MCV2,MCV2,routine,NGA,Nigeria,2003,,,,,0,,mcv1
MCV2,MCV2,routine,NGA,Nigeria,2002,,,,,0,,mcv1
MCV1,MCV1,routine,NGA,Nigeria,2002,,,,,0,,mcv1
MCV2,MCV2,routine,NGA,Nigeria,2001,,,,,0,,mcv1
MCV1,MCV1,routine,NGA,Nigeria,2001,,,,,0,,mcv1
MCV1,MCV1,routine,NGA,Nigeria,2000,,,,,0,,mcv1
MCV2,MCV2,routine,NGA,Nigeria,2000,,,,,0,,mcv1
MCV1,MCV1,routine,NGA,Nigeria,1999,,,,,0,,mcv1
MCV1,MCV1,routine,NGA,Nigeria,1998,,,,,0,,mcv1
MCV1,MCV1,routine,NGA,Nigeria,1997,,,,,0,,mcv1
MCV1,MCV1,routine,NGA,Nigeria,1996,,,,,0,,mcv1
MCV1,MCV1,routine,NGA,Nigeria,1995,,,,,0,,mcv1
MCV1,MCV1,routine,NGA,Nigeria,1994,,,,,0,,mcv1
MCV1,MCV1,routine,NGA,Nigeria,1993,,,,,0,,mcv1
MCV1,MCV1,routine,NGA,Nigeria,1992,,,,,0,,mcv1
MCV1,MCV1,routine,NGA,Nigeria,1991,,,,,0,,mcv1
MCV1,MCV1,routine,NGA,Nigeria,1990,,,,,0,,mcv1
MCV1,MCV1,routine,NGA,Nigeria,1989,,,,,0,,mcv1
MCV1,MCV1,routine,NGA,Nigeria,1988,,,,,0,,mcv1
MCV1,MCV1,routine,NGA,Nigeria,1987,,,,,0,,mcv1
MCV1,MCV1,routine,NGA,Nigeria,1986,,,,,0,,mcv1
MCV1,MCV1,routine,NGA,Nigeria,1985,,,,,0,,mcv1
MCV1,MCV1,routine,NGA,Nigeria,1984,,,,,0,,mcv1
MCV1,MCV1,routine,NGA,Nigeria,1983,,,,,0,,mcv1
MCV1,MCV1,routine,NGA,Nigeria,1982,,,,,0,,mcv1
MCV1,MCV1,routine,NGA,Nigeria,1981,,,,,0,,mcv1
MCV1,MCV1,routine,NGA,Nigeria,1980,,,,,0,,mcv1
MCV1,MCV1,routine,PAK,Pakistan,2020,,,,,0,,mcv1
MCV2,MCV2,routine,PAK,Pakistan,2020,,,,,0.74,,mcv1
MCV1,MCV1,routine,PAK,Pakistan,2019,,,,,0,,mcv1
MCV2,MCV2,routine,PAK,Pakistan,2019,,,,,0.71,,mcv1
MCV2,MCV2,routine,PAK,Pakistan,2018,,,,,0.67,,mcv1
MCV1,MCV1,routine,PAK,Pakistan,2018,,,,,0,,mcv1
MCV2,MCV2,routine,PAK,Pakistan,2017,,,,,0.67,,mcv1
MCV1,MCV1,routine,PAK,Pakistan,2017,,,,,0,,mcv1
MCV1,MCV1,routine,PAK,Pakistan,2016,,,,,0,,mcv1
MCV2,MCV2,routine,PAK,Pakistan,2016,,,,,0.67,,mcv1
MCV1,MCV1,routine,PAK,Pakistan,2015,,,,,0,,mcv1
MCV2,MCV2,routine,PAK,Pakistan,2015,,,,,0.54,,mcv1
MCV1,MCV1,routine,PAK,Pakistan,2014,,,,,0,,mcv1
MCV2,MCV2,routine,PAK,Pakistan,2014,,,,,0.48,,mcv1
MCV2,MCV2,routine,PAK,Pakistan,2013,,,,,0.43,,mcv1
MCV1,MCV1,routine,PAK,Pakistan,2013,,,,,0,,mcv1
MCV2,MCV2,routine,PAK,Pakistan,2012,,,,,0.42,,mcv1
MCV1,MCV1,routine,PAK,Pakistan,2012,,,,,0,,mcv1
MCV1,MCV1,routine,PAK,Pakistan,2011,,,,,0,,mcv1
MCV2,MCV2,routine,PAK,Pakistan,2011,,,,,0.38,,mcv1
MCV1,MCV1,routine,PAK,Pakistan,2010,,,,,0,,mcv1
MCV2,MCV2,routine,PAK,Pakistan,2010,,,,,0.34,,mcv1
MCV1,MCV1,routine,PAK,Pakistan,2009,,,,,0,,mcv1
MCV2,MCV2,routine,PAK,Pakistan,2009,,,,,0.3,,mcv1
MCV2,MCV2,routine,PAK,Pakistan,2008,,,,,0,,mcv1
MCV1,MCV1,routine,PAK,Pakistan,2008,,,,,0,,mcv1
MCV2,MCV2,routine,PAK,Pakistan,2007,,,,,0,,mcv1
MCV1,MCV1,routine,PAK,Pakistan,2007,,,,,0,,mcv1
MCV1,MCV1,routine,PAK,Pakistan,2006,,,,,0,,mcv1
MCV2,MCV2,routine,PAK,Pakistan,2006,,,,,0,,mcv1
MCV1,MCV1,routine,PAK,Pakistan,2005,,,,,0,,mcv1
MCV2,MCV2,routine,PAK,Pakistan,2005,,,,,0,,mcv1
MCV1,MCV1,routine,PAK,Pakistan,2004,,,,,0,,mcv1
MCV2,MCV2,routine,PAK,Pakistan,2004,,,,,0,,mcv1
MCV2,MCV2,routine,PAK,Pakistan,2003,,,,,0,,mcv1
MCV1,MCV1,routine,PAK,Pakistan,2003,,,,,0,,mcv1
MCV1,MCV1,routine,PAK,Pakistan,2002,,,,,0,,mcv1
MCV2,MCV2,routine,PAK,Pakistan,2002,,,,,0,,mcv1
MCV2,MCV2,routine,PAK,Pakistan,2001,,,,,0,,mcv1
MCV1,MCV1,routine,PAK,Pakistan,2001,,,,,0,,mcv1
MCV2,MCV2,routine,PAK,Pakistan,2000,,,,,0,,mcv1
MCV1,MCV1,routine,PAK,Pakistan,2000,,,,,0,,mcv1
MCV1,MCV1,routine,PAK,Pakistan,1999,,,,,0,,mcv1
MCV1,MCV1,routine,PAK,Pakistan,1998,,,,,0,,mcv1
MCV1,MCV1,routine,PAK,Pakistan,1997,,,,,0,,mcv1
MCV1,MCV1,routine,PAK,Pakistan,1996,,,,,0,,mcv1
MCV1,MCV1,routine,PAK,Pakistan,1995,,,,,0,,mcv1
MCV1,MCV1,routine,PAK,Pakistan,1994,,,,,0,,mcv1
MCV1,MCV1,routine,PAK,Pakistan,1993,,,,,0,,mcv1
MCV1,MCV1,routine,PAK,Pakistan,1992,,,,,0,,mcv1
MCV1,MCV1,routine,PAK,Pakistan,1991,,,,,0,,mcv1
MCV1,MCV1,routine,PAK,Pakistan,1990,,,,,0,,mcv1
MCV1,MCV1,routine,PAK,Pakistan,1989,,,,,0,,mcv1
MCV1,MCV1,routine,PAK,Pakistan,1988,,,,,0,,mcv1
MCV1,MCV1,routine,PAK,Pakistan,1987,,,,,0,,mcv1
MCV1,MCV1,routine,PAK,Pakistan,1986,,,,,0,,mcv1
MCV1,MCV1,routine,PAK,Pakistan,1985,,,,,0,,mcv1
MCV1,MCV1,routine,PAK,Pakistan,1984,,,,,0,,mcv1
MCV1,MCV1,routine,PAK,Pakistan,1983,,,,,0,,mcv1
MCV1,MCV1,routine,PAK,Pakistan,1982,,,,,0,,mcv1
MCV1,MCV1,routine,PAK,Pakistan,1981,,,,,0,,mcv1
MCV1,MCV1,routine,PAK,Pakistan,1980,,,,,0,,mcv1
MCV2,MCV2,routine,PHL,Philippines,2020,,,,,0.68,,mcv1
MCV1,MCV1,routine,PHL,Philippines,2020,,,,,0,,mcv1
MCV2,MCV2,routine,PHL,Philippines,2019,,,,,0.68,,mcv1
MCV1,MCV1,routine,PHL,Philippines,2019,,,,,0,,mcv1
MCV1,MCV1,routine,PHL,Philippines,2018,,,,,0,,mcv1
MCV2,MCV2,routine,PHL,Philippines,2018,,,,,0.67,,mcv1
MCV1,MCV1,routine,PHL,Philippines,2017,,,,,0,,mcv1
MCV2,MCV2,routine,PHL,Philippines,2017,,,,,0.67,,mcv1
MCV2,MCV2,routine,PHL,Philippines,2016,,,,,0.66,,mcv1
MCV1,MCV1,routine,PHL,Philippines,2016,,,,,0,,mcv1
MCV1,MCV1,routine,PHL,Philippines,2015,,,,,0,,mcv1
MCV2,MCV2,routine,PHL,Philippines,2015,,,,,0.67,,mcv1
MCV2,MCV2,routine,PHL,Philippines,2014,,,,,0.59,,mcv1
MCV1,MCV1,routine,PHL,Philippines,2014,,,,,0,,mcv1
MCV1,MCV1,routine,PHL,Philippines,2013,,,,,0,,mcv1
MCV2,MCV2,routine,PHL,Philippines,2013,,,,,0.54,,mcv1
MCV2,MCV2,routine,PHL,Philippines,2012,,,,,0.42,,mcv1
MCV1,MCV1,routine,PHL,Philippines,2012,,,,,0,,mcv1
MCV2,MCV2,routine,PHL,Philippines,2011,,,,,0.36,,mcv1
MCV1,MCV1,routine,PHL,Philippines,2011,,,,,0,,mcv1
MCV2,MCV2,routine,PHL,Philippines,2010,,,,,0.1,,mcv1
MCV1,MCV1,routine,PHL,Philippines,2010,,,,,0,,mcv1
MCV1,MCV1,routine,PHL,Philippines,2009,,,,,0,,mcv1
MCV2,MCV2,routine,PHL,Philippines,2009,,,,,0.19,,mcv1
MCV1,MCV1,routine,PHL,Philippines,2008,,,,,0,,mcv1
MCV2,MCV2,routine,PHL,Philippines,2008,,,,,0,,mcv1
MCV1,MCV1,routine,PHL,Philippines,2007,,,,,0,,mcv1
MCV2,MCV2,routine,PHL,Philippines,2007,,,,,0,,mcv1
MCV1,MCV1,routine,PHL,Philippines,2006,,,,,0,,mcv1
MCV2,MCV2,routine,PHL,Philippines,2006,,,,,0,,mcv1
MCV1,MCV1,routine,PHL,Philippines,2005,,,,,0,,mcv1
MCV2,MCV2,routine,PHL,Philippines,2005,,,,,0,,mcv1
MCV2,MCV2,routine,PHL,Philippines,2004,,,,,0,,mcv1
MCV1,MCV1,routine,PHL,Philippines,2004,,,,,0,,mcv1
MCV2,MCV2,routine,PHL,Philippines,2003,,,,,0,,mcv1
MCV1,MCV1,routine,PHL,Philippines,2003,,,,,0,,mcv1
MCV2,MCV2,routine,PHL,Philippines,2002,,,,,0,,mcv1
MCV1,MCV1,routine,PHL,Philippines,2002,,,,,0,,mcv1
MCV2,MCV2,routine,PHL,Philippines,2001,,,,,0,,mcv1
MCV1,MCV1,routine,PHL,Philippines,2001,,,,,0,,mcv1
MCV1,MCV1,routine,PHL,Philippines,2000,,,,,0,,mcv1
MCV2,MCV2,routine,PHL,Philippines,2000,,,,,0,,mcv1
MCV1,MCV1,routine,PHL,Philippines,1999,,,,,0,,mcv1
MCV1,MCV1,routine,PHL,Philippines,1998,,,,,0,,mcv1
MCV1,MCV1,routine,PHL,Philippines,1997,,,,,0,,mcv1
MCV1,MCV1,routine,PHL,Philippines,1996,,,,,0,,mcv1
MCV1,MCV1,routine,PHL,Philippines,1995,,,,,0,,mcv1
MCV1,MCV1,routine,PHL,Philippines,1994,,,,,0,,mcv1
MCV1,MCV1,routine,PHL,Philippines,1993,,,,,0,,mcv1
MCV1,MCV1,routine,PHL,Philippines,1992,,,,,0,,mcv1
MCV1,MCV1,routine,PHL,Philippines,1991,,,,,0,,mcv1
MCV1,MCV1,routine,PHL,Philippines,1990,,,,,0,,mcv1
MCV1,MCV1,routine,PHL,Philippines,1989,,,,,0,,mcv1
MCV1,MCV1,routine,PHL,Philippines,1988,,,,,0,,mcv1
MCV1,MCV1,routine,PHL,Philippines,1987,,,,,0,,mcv1
MCV1,MCV1,routine,PHL,Philippines,1986,,,,,0,,mcv1
MCV1,MCV1,routine,PHL,Philippines,1985,,,,,0,,mcv1
MCV1,MCV1,routine,PHL,Philippines,1984,,,,,0,,mcv1
MCV1,MCV1,routine,PHL,Philippines,1983,,,,,0,,mcv1
MCV1,MCV1,routine,PHL,Philippines,1982,,,,,0,,mcv1
MCV1,MCV1,routine,PHL,Philippines,1981,,,,,0,,mcv1
MCV1,MCV1,routine,PHL,Philippines,1980,,,,,0,,mcv1
MCV1,MCV1,routine,SOM,Somalia,2020,,,,,0,,mcv1
MCV2,MCV2,routine,SOM,Somalia,2019,,,,,0,,mcv1
MCV1,MCV1,routine,SOM,Somalia,2019,,,,,0,,mcv1
MCV1,MCV1,routine,SOM,Somalia,2018,,,,,0,,mcv1
MCV2,MCV2,routine,SOM,Somalia,2018,,,,,0,,mcv1
MCV2,MCV2,routine,SOM,Somalia,2017,,,,,0,,mcv1
MCV1,MCV1,routine,SOM,Somalia,2017,,,,,0,,mcv1
MCV1,MCV1,routine,SOM,Somalia,2016,,,,,0,,mcv1
MCV2,MCV2,routine,SOM,Somalia,2016,,,,,0,,mcv1
MCV1,MCV1,routine,SOM,Somalia,2015,,,,,0,,mcv1
MCV2,MCV2,routine,SOM,Somalia,2015,,,,,0,,mcv1
MCV1,MCV1,routine,SOM,Somalia,2014,,,,,0,,mcv1
MCV2,MCV2,routine,SOM,Somalia,2014,,,,,0,,mcv1
MCV1,MCV1,routine,SOM,Somalia,2013,,,,,0,,mcv1
MCV2,MCV2,routine,SOM,Somalia,2013,,,,,0,,mcv1
MCV2,MCV2,routine,SOM,Somalia,2012,,,,,0,,mcv1
MCV1,MCV1,routine,SOM,Somalia,2012,,,,,0,,mcv1
MCV1,MCV1,routine,SOM,Somalia,2011,,,,,0,,mcv1
MCV2,MCV2,routine,SOM,Somalia,2011,,,,,0,,mcv1
MCV1,MCV1,routine,SOM,Somalia,2010,,,,,0,,mcv1
MCV2,MCV2,routine,SOM,Somalia,2010,,,,,0,,mcv1
MCV2,MCV2,routine,SOM,Somalia,2009,,,,,0,,mcv1
MCV1,MCV1,routine,SOM,Somalia,2009,,,,,0,,mcv1
MCV1,MCV1,routine,SOM,Somalia,2008,,,,,0,,mcv1
MCV2,MCV2,routine,SOM,Somalia,2008,,,,,0,,mcv1
MCV1,MCV1,routine,SOM,Somalia,2007,,,,,0,,mcv1
MCV2,MCV2,routine,SOM,Somalia,2007,,,,,0,,mcv1
MCV2,MCV2,routine,SOM,Somalia,2006,,,,,0,,mcv1
MCV1,MCV1,routine,SOM,Somalia,2006,,,,,0,,mcv1
MCV2,MCV2,routine,SOM,Somalia,2005,,,,,0,,mcv1
MCV1,MCV1,routine,SOM,Somalia,2005,,,,,0,,mcv1
MCV2,MCV2,routine,SOM,Somalia,2004,,,,,0,,mcv1
MCV1,MCV1,routine,SOM,Somalia,2004,,,,,0,,mcv1
MCV1,MCV1,routine,SOM,Somalia,2003,,,,,0,,mcv1
MCV2,MCV2,routine,SOM,Somalia,2003,,,,,0,,mcv1
MCV2,MCV2,routine,SOM,Somalia,2002,,,,,0,,mcv1
MCV1,MCV1,routine,SOM,Somalia,2002,,,,,0,,mcv1
MCV2,MCV2,routine,SOM,Somalia,2001,,,,,0,,mcv1
MCV1,MCV1,routine,SOM,Somalia,2001,,,,,0,,mcv1
MCV2,MCV2,routine,SOM,Somalia,2000,,,,,0,,mcv1
MCV1,MCV1,routine,SOM,Somalia,2000,,,,,0,,mcv1
MCV1,MCV1,routine,SOM,Somalia,1999,,,,,0,,mcv1
MCV1,MCV1,routine,SOM,Somalia,1998,,,,,0,,mcv1
MCV1,MCV1,routine,SOM,Somalia,1997,,,,,0,,mcv1
MCV1,MCV1,routine,SOM,Somalia,1996,,,,,0,,mcv1
MCV1,MCV1,routine,SOM,Somalia,1995,,,,,0,,mcv1
MCV1,MCV1,routine,SOM,Somalia,1994,,,,,0,,mcv1
MCV1,MCV1,routine,SOM,Somalia,1993,,,,,0,,mcv1
MCV1,MCV1,routine,SOM,Somalia,1992,,,,,0,,mcv1
MCV1,MCV1,routine,SOM,Somalia,1991,,,,,0,,mcv1
MCV1,MCV1,routine,SOM,Somalia,1990,,,,,0,,mcv1
MCV1,MCV1,routine,SOM,Somalia,1989,,,,,0,,mcv1
MCV1,MCV1,routine,SOM,Somalia,1988,,,,,0,,mcv1
MCV1,MCV1,routine,SOM,Somalia,1987,,,,,0,,mcv1
MCV1,MCV1,routine,SOM,Somalia,1986,,,,,0,,mcv1
MCV1,MCV1,routine,SOM,Somalia,1985,,,,,0,,mcv1
MCV1,MCV1,routine,SOM,Somalia,1984,,,,,0,,mcv1
MCV1,MCV1,routine,SOM,Somalia,1983,,,,,0,,mcv1
MCV1,MCV1,routine,SOM,Somalia,1982,,,,,0,,mcv1
MCV1,MCV1,routine,SOM,Somalia,1981,,,,,0,,mcv1
MCV1,MCV1,routine,SOM,Somalia,1980,,,,,0,,mcv1
MCV1,MCV1,routine,ZAF,South Africa,2020,,,,,0,,mcv1
MCV2,MCV2,routine,ZAF,South Africa,2020,,,,,0.76,,mcv1
MCV1,MCV1,routine,ZAF,South Africa,2019,,,,,0,,mcv1
MCV2,MCV2,routine,ZAF,South Africa,2019,,,,,0.79,,mcv1
MCV1,MCV1,routine,ZAF,South Africa,2018,,,,,0,,mcv1
MCV2,MCV2,routine,ZAF,South Africa,2018,,,,,0.75,,mcv1
MCV2,MCV2,routine,ZAF,South Africa,2017,,,,,0.78,,mcv1
MCV1,MCV1,routine,ZAF,South Africa,2017,,,,,0,,mcv1
MCV1,MCV1,routine,ZAF,South Africa,2016,,,,,0,,mcv1
MCV2,MCV2,routine,ZAF,South Africa,2016,,,,,0.69,,mcv1
MCV1,MCV1,routine,ZAF,South Africa,2015,,,,,0,,mcv1
MCV2,MCV2,routine,ZAF,South Africa,2015,,,,,0.59,,mcv1
MCV2,MCV2,routine,ZAF,South Africa,2014,,,,,0.55,,mcv1
MCV1,MCV1,routine,ZAF,South Africa,2014,,,,,0,,mcv1
MCV2,MCV2,routine,ZAF,South Africa,2013,,,,,0.5,,mcv1
MCV1,MCV1,routine,ZAF,South Africa,2013,,,,,0,,mcv1
MCV2,MCV2,routine,ZAF,South Africa,2012,,,,,0.53,,mcv1
MCV1,MCV1,routine,ZAF,South Africa,2012,,,,,0,,mcv1
MCV2,MCV2,routine,ZAF,South Africa,2011,,,,,0.54,,mcv1
MCV1,MCV1,routine,ZAF,South Africa,2011,,,,,0,,mcv1
MCV1,MCV1,routine,ZAF,South Africa,2010,,,,,0,,mcv1
MCV2,MCV2,routine,ZAF,South Africa,2010,,,,,0.55,,mcv1
MCV1,MCV1,routine,ZAF,South Africa,2009,,,,,0,,mcv1
MCV2,MCV2,routine,ZAF,South Africa,2009,,,,,0.63,,mcv1
MCV2,MCV2,routine,ZAF,South Africa,2008,,,,,0.54,,mcv1
MCV1,MCV1,routine,ZAF,South Africa,2008,,,,,0,,mcv1
MCV2,MCV2,routine,ZAF,South Africa,2007,,,,,0.49,,mcv1
MCV1,MCV1,routine,ZAF,South Africa,2007,,,,,0,,mcv1
MCV1,MCV1,routine,ZAF,South Africa,2006,,,,,0,,mcv1
MCV2,MCV2,routine,ZAF,South Africa,2006,,,,,0.53,,mcv1
MCV1,MCV1,routine,ZAF,South Africa,2005,,,,,0,,mcv1
MCV2,MCV2,routine,ZAF,South Africa,2005,,,,,0.48,,mcv1
MCV2,MCV2,routine,ZAF,South Africa,2004,,,,,0.51,,mcv1
MCV1,MCV1,routine,ZAF,South Africa,2004,,,,,0,,mcv1
MCV1,MCV1,routine,ZAF,South Africa,2003,,,,,0,,mcv1
MCV2,MCV2,routine,ZAF,South Africa,2003,,,,,0.52,,mcv1
MCV2,MCV2,routine,ZAF,South Africa,2002,,,,,0.46,,mcv1
MCV1,MCV1,routine,ZAF,South Africa,2002,,,,,0,,mcv1
MCV1,MCV1,routine,ZAF,South Africa,2001,,,,,0,,mcv1
MCV2,MCV2,routine,ZAF,South Africa,2001,,,,,0.54,,mcv1
MCV1,MCV1,routine,ZAF,South Africa,2000,,,,,0,,mcv1
MCV2,MCV2,routine,ZAF,South Africa,2000,,,,,0.62,,mcv1
MCV1,MCV1,routine,ZAF,South Africa,1999,,,,,0,,mcv1
MCV1,MCV1,routine,ZAF,South Africa,1998,,,,,0,,mcv1
MCV1,MCV1,routine,ZAF,South Africa,1997,,,,,0,,mcv1
MCV1,MCV1,routine,ZAF,South Africa,1996,,,,,0,,mcv1
MCV1,MCV1,routine,ZAF,South Africa,1995,,,,,0,,mcv1
MCV1,MCV1,routine,ZAF,South Africa,1994,,,,,0,,mcv1
MCV1,MCV1,routine,ZAF,South Africa,1993,,,,,0,,mcv1
MCV1,MCV1,routine,ZAF,South Africa,1992,,,,,0,,mcv1
MCV1,MCV1,routine,ZAF,South Africa,1991,,,,,0,,mcv1
MCV1,MCV1,routine,ZAF,South Africa,1990,,,,,0,,mcv1
MCV1,MCV1,routine,ZAF,South Africa,1989,,,,,0,,mcv1
MCV1,MCV1,routine,ZAF,South Africa,1988,,,,,0,,mcv1
MCV1,MCV1,routine,ZAF,South Africa,1987,,,,,0,,mcv1
MCV1,MCV1,routine,ZAF,South Africa,1986,,,,,0,,mcv1
MCV1,MCV1,routine,ZAF,South Africa,1985,,,,,0,,mcv1
MCV1,MCV1,routine,ZAF,South Africa,1984,,,,,0,,mcv1
MCV1,MCV1,routine,ZAF,South Africa,1983,,,,,0,,mcv1
MCV1,MCV1,routine,ZAF,South Africa,1982,,,,,0,,mcv1
MCV1,MCV1,routine,ZAF,South Africa,1981,,,,,0,,mcv1
MCV1,MCV1,routine,ZAF,South Africa,1980,,,,,0,,mcv1
MCV2,MCV2,routine,TUR,Turkey,2020,,,,,0.93,,mcv1
MCV1,MCV1,routine,TUR,Turkey,2020,,,,,0,,mcv1
MCV2,MCV2,routine,TUR,Turkey,2019,,,,,0.88,,mcv1
MCV1,MCV1,routine,TUR,Turkey,2019,,,,,0,,mcv1
MCV1,MCV1,routine,TUR,Turkey,2018,,,,,0,,mcv1
MCV2,MCV2,routine,TUR,Turkey,2018,,,,,0.87,,mcv1
MCV2,MCV2,routine,TUR,Turkey,2017,,,,,0.86,,mcv1
MCV1,MCV1,routine,TUR,Turkey,2017,,,,,0,,mcv1
MCV1,MCV1,routine,TUR,Turkey,2016,,,,,0,,mcv1
MCV2,MCV2,routine,TUR,Turkey,2016,,,,,0.85,,mcv1
MCV2,MCV2,routine,TUR,Turkey,2015,,,,,0.86,,mcv1
MCV1,MCV1,routine,TUR,Turkey,2015,,,,,0,,mcv1
MCV2,MCV2,routine,TUR,Turkey,2014,,,,,0.88,,mcv1
MCV1,MCV1,routine,TUR,Turkey,2014,,,,,0,,mcv1
MCV1,MCV1,routine,TUR,Turkey,2013,,,,,0,,mcv1
MCV2,MCV2,routine,TUR,Turkey,2013,,,,,0.98,,mcv1
MCV1,MCV1,routine,TUR,Turkey,2012,,,,,0,,mcv1
MCV2,MCV2,routine,TUR,Turkey,2012,,,,,0.85,,mcv1
MCV2,MCV2,routine,TUR,Turkey,2011,,,,,0.86,,mcv1
MCV1,MCV1,routine,TUR,Turkey,2011,,,,,0,,mcv1
MCV1,MCV1,routine,TUR,Turkey,2010,,,,,0,,mcv1
MCV2,MCV2,routine,TUR,Turkey,2010,,,,,0.91,,mcv1
MCV2,MCV2,routine,TUR,Turkey,2009,,,,,0.88,,mcv1
MCV1,MCV1,routine,TUR,Turkey,2009,,,,,0,,mcv1
MCV1,MCV1,routine,TUR,Turkey,2008,,,,,0,,mcv1
MCV2,MCV2,routine,TUR,Turkey,2008,,,,,0.92,,mcv1
MCV1,MCV1,routine,TUR,Turkey,2007,,,,,0,,mcv1
MCV2,MCV2,routine,TUR,Turkey,2007,,,,,0.94,,mcv1
MCV2,MCV2,routine,TUR,Turkey,2006,,,,,0.84,,mcv1
MCV1,MCV1,routine,TUR,Turkey,2006,,,,,0,,mcv1
MCV2,MCV2,routine,TUR,Turkey,2005,,,,,0.98,,mcv1
MCV1,MCV1,routine,TUR,Turkey,2005,,,,,0,,mcv1
MCV2,MCV2,routine,TUR,Turkey,2004,,,,,0.97,,mcv1
MCV1,MCV1,routine,TUR,Turkey,2004,,,,,0,,mcv1
MCV1,MCV1,routine,TUR,Turkey,2003,,,,,0,,mcv1
MCV2,MCV2,routine,TUR,Turkey,2003,,,,,0.97,,mcv1
MCV2,MCV2,routine,TUR,Turkey,2002,,,,,0.83,,mcv1
MCV1,MCV1,routine,TUR,Turkey,2002,,,,,0,,mcv1
MCV1,MCV1,routine,TUR,Turkey,2001,,,,,0,,mcv1
MCV2,MCV2,routine,TUR,Turkey,2001,,,,,0.91,,mcv1
MCV1,MCV1,routine,TUR,Turkey,2000,,,,,0,,mcv1
MCV2,MCV2,routine,TUR,Turkey,2000,,,,,0,,mcv1
MCV1,MCV1,routine,TUR,Turkey,1999,,,,,0,,mcv1
MCV1,MCV1,routine,TUR,Turkey,1998,,,,,0,,mcv1
MCV1,MCV1,routine,TUR,Turkey,1997,,,,,0,,mcv1
MCV1,MCV1,routine,TUR,Turkey,1996,,,,,0,,mcv1
MCV1,MCV1,routine,TUR,Turkey,1995,,,,,0,,mcv1
MCV1,MCV1,routine,TUR,Turkey,1994,,,,,0,,mcv1
MCV1,MCV1,routine,TUR,Turkey,1993,,,,,0,,mcv1
MCV1,MCV1,routine,TUR,Turkey,1992,,,,,0,,mcv1
MCV1,MCV1,routine,TUR,Turkey,1991,,,,,0,,mcv1
MCV1,MCV1,routine,TUR,Turkey,1990,,,,,0,,mcv1
MCV1,MCV1,routine,TUR,Turkey,1989,,,,,0,,mcv1
MCV1,MCV1,routine,TUR,Turkey,1988,,,,,0,,mcv1
MCV1,MCV1,routine,TUR,Turkey,1987,,,,,0,,mcv1
MCV1,MCV1,routine,TUR,Turkey,1986,,,,,0,,mcv1
MCV1,MCV1,routine,TUR,Turkey,1985,,,,,0,,mcv1
MCV1,MCV1,routine,TUR,Turkey,1984,,,,,0,,mcv1
MCV1,MCV1,routine,TUR,Turkey,1983,,,,,0,,mcv1
MCV1,MCV1,routine,TUR,Turkey,1982,,,,,0,,mcv1
MCV1,MCV1,routine,TUR,Turkey,1981,,,,,0,,mcv1
MCV1,MCV1,routine,TUR,Turkey,1980,,,,,0,,mcv1
MCV1,MCV1,routine,UGA,Uganda,2020,,,,,0,,mcv1
MCV1,MCV1,routine,UGA,Uganda,2019,,,,,0,,mcv1
MCV2,MCV2,routine,UGA,Uganda,2019,,,,,0,,mcv1
MCV2,MCV2,routine,UGA,Uganda,2018,,,,,0,,mcv1
MCV1,MCV1,routine,UGA,Uganda,2018,,,,,0,,mcv1
MCV1,MCV1,routine,UGA,Uganda,2017,,,,,0,,mcv1
MCV2,MCV2,routine,UGA,Uganda,2017,,,,,0,,mcv1
MCV1,MCV1,routine,UGA,Uganda,2016,,,,,0,,mcv1
MCV2,MCV2,routine,UGA,Uganda,2016,,,,,0,,mcv1
MCV2,MCV2,routine,UGA,Uganda,2015,,,,,0,,mcv1
MCV1,MCV1,routine,UGA,Uganda,2015,,,,,0,,mcv1
MCV1,MCV1,routine,UGA,Uganda,2014,,,,,0,,mcv1
MCV2,MCV2,routine,UGA,Uganda,2014,,,,,0,,mcv1
MCV2,MCV2,routine,UGA,Uganda,2013,,,,,0,,mcv1
MCV1,MCV1,routine,UGA,Uganda,2013,,,,,0,,mcv1
MCV2,MCV2,routine,UGA,Uganda,2012,,,,,0,,mcv1
MCV1,MCV1,routine,UGA,Uganda,2012,,,,,0,,mcv1
MCV1,MCV1,routine,UGA,Uganda,2011,,,,,0,,mcv1
MCV2,MCV2,routine,UGA,Uganda,2011,,,,,0,,mcv1
MCV1,MCV1,routine,UGA,Uganda,2010,,,,,0,,mcv1
MCV2,MCV2,routine,UGA,Uganda,2010,,,,,0,,mcv1
MCV2,MCV2,routine,UGA,Uganda,2009,,,,,0,,mcv1
MCV1,MCV1,routine,UGA,Uganda,2009,,,,,0,,mcv1
MCV2,MCV2,routine,UGA,Uganda,2008,,,,,0,,mcv1
MCV1,MCV1,routine,UGA,Uganda,2008,,,,,0,,mcv1
MCV1,MCV1,routine,UGA,Uganda,2007,,,,,0,,mcv1
MCV2,MCV2,routine,UGA,Uganda,2007,,,,,0,,mcv1
MCV2,MCV2,routine,UGA,Uganda,2006,,,,,0,,mcv1
MCV1,MCV1,routine,UGA,Uganda,2006,,,,,0,,mcv1
MCV2,MCV2,routine,UGA,Uganda,2005,,,,,0,,mcv1
MCV1,MCV1,routine,UGA,Uganda,2005,,,,,0,,mcv1
MCV1,MCV1,routine,UGA,Uganda,2004,,,,,0,,mcv1
MCV2,MCV2,routine,UGA,Uganda,2004,,,,,0,,mcv1
MCV1,MCV1,routine,UGA,Uganda,2003,,,,,0,,mcv1
MCV2,MCV2,routine,UGA,Uganda,2003,,,,,0,,mcv1
MCV1,MCV1,routine,UGA,Uganda,2002,,,,,0,,mcv1
MCV2,MCV2,routine,UGA,Uganda,2002,,,,,0,,mcv1
MCV1,MCV1,routine,UGA,Uganda,2001,,,,,0,,mcv1
MCV2,MCV2,routine,UGA,Uganda,2001,,,,,0,,mcv1
MCV1,MCV1,routine,UGA,Uganda,2000,,,,,0,,mcv1
MCV2,MCV2,routine,UGA,Uganda,2000,,,,,0,,mcv1
MCV1,MCV1,routine,UGA,Uganda,1999,,,,,0,,mcv1
MCV1,MCV1,routine,UGA,Uganda,1998,,,,,0,,mcv1
MCV1,MCV1,routine,UGA,Uganda,1997,,,,,0,,mcv1
MCV1,MCV1,routine,UGA,Uganda,1996,,,,,0,,mcv1
MCV1,MCV1,routine,UGA,Uganda,1995,,,,,0,,mcv1
MCV1,MCV1,routine,UGA,Uganda,1994,,,,,0,,mcv1
MCV1,MCV1,routine,UGA,Uganda,1993,,,,,0,,mcv1
MCV1,MCV1,routine,UGA,Uganda,1992,,,,,0,,mcv1
MCV1,MCV1,routine,UGA,Uganda,1991,,,,,0,,mcv1
MCV1,MCV1,routine,UGA,Uganda,1990,,,,,0,,mcv1
MCV1,MCV1,routine,UGA,Uganda,1989,,,,,0,,mcv1
MCV1,MCV1,routine,UGA,Uganda,1988,,,,,0,,mcv1
MCV1,MCV1,routine,UGA,Uganda,1987,,,,,0,,mcv1
MCV1,MCV1,routine,UGA,Uganda,1986,,,,,0,,mcv1
MCV1,MCV1,routine,UGA,Uganda,1985,,,,,0,,mcv1
MCV1,MCV1,routine,UGA,Uganda,1984,,,,,0,,mcv1
MCV1,MCV1,routine,UGA,Uganda,1983,,,,,0,,mcv1
MCV1,MCV1,routine,UGA,Uganda,1982,,,,,0,,mcv1
MCV1,MCV1,routine,UGA,Uganda,1981,,,,,0,,mcv1
MCV1,MCV1,routine,UGA,Uganda,1980,,,,,0,,mcv1
MCV1,MCV1,routine,TZA,United Republic of Tanzania,2020,,,,,0,,mcv1
MCV2,MCV2,routine,TZA,United Republic of Tanzania,2020,,,,,0.67,,mcv1
MCV2,MCV2,routine,TZA,United Republic of Tanzania,2019,,,,,0.72,,mcv1
MCV1,MCV1,routine,TZA,United Republic of Tanzania,2019,,,,,0,,mcv1
MCV1,MCV1,routine,TZA,United Republic of Tanzania,2018,,,,,0,,mcv1
MCV2,MCV2,routine,TZA,United Republic of Tanzania,2018,,,,,0.68,,mcv1
MCV1,MCV1,routine,TZA,United Republic of Tanzania,2017,,,,,0,,mcv1
MCV2,MCV2,routine,TZA,United Republic of Tanzania,2017,,,,,0.67,,mcv1
MCV1,MCV1,routine,TZA,United Republic of Tanzania,2016,,,,,0,,mcv1
MCV2,MCV2,routine,TZA,United Republic of Tanzania,2016,,,,,0.63,,mcv1
MCV1,MCV1,routine,TZA,United Republic of Tanzania,2015,,,,,0,,mcv1
MCV2,MCV2,routine,TZA,United Republic of Tanzania,2015,,,,,0.53,,mcv1
MCV1,MCV1,routine,TZA,United Republic of Tanzania,2014,,,,,0,,mcv1
MCV2,MCV2,routine,TZA,United Republic of Tanzania,2014,,,,,0.29,,mcv1
MCV2,MCV2,routine,TZA,United Republic of Tanzania,2013,,,,,0,,mcv1
MCV1,MCV1,routine,TZA,United Republic of Tanzania,2013,,,,,0,,mcv1
MCV1,MCV1,routine,TZA,United Republic of Tanzania,2012,,,,,0,,mcv1
MCV2,MCV2,routine,TZA,United Republic of Tanzania,2012,,,,,0,,mcv1
MCV2,MCV2,routine,TZA,United Republic of Tanzania,2011,,,,,0,,mcv1
MCV1,MCV1,routine,TZA,United Republic of Tanzania,2011,,,,,0,,mcv1
MCV2,MCV2,routine,TZA,United Republic of Tanzania,2010,,,,,0,,mcv1
MCV1,MCV1,routine,TZA,United Republic of Tanzania,2010,,,,,0,,mcv1
MCV1,MCV1,routine,TZA,United Republic of Tanzania,2009,,,,,0,,mcv1
MCV2,MCV2,routine,TZA,United Republic of Tanzania,2009,,,,,0,,mcv1
MCV2,MCV2,routine,TZA,United Republic of Tanzania,2008,,,,,0,,mcv1
MCV1,MCV1,routine,TZA,United Republic of Tanzania,2008,,,,,0,,mcv1
MCV1,MCV1,routine,TZA,United Republic of Tanzania,2007,,,,,0,,mcv1
MCV2,MCV2,routine,TZA,United Republic of Tanzania,2007,,,,,0,,mcv1
MCV2,MCV2,routine,TZA,United Republic of Tanzania,2006,,,,,0,,mcv1
MCV1,MCV1,routine,TZA,United Republic of Tanzania,2006,,,,,0,,mcv1
MCV2,MCV2,routine,TZA,United Republic of Tanzania,2005,,,,,0,,mcv1
MCV1,MCV1,routine,TZA,United Republic of Tanzania,2005,,,,,0,,mcv1
MCV2,MCV2,routine,TZA,United Republic of Tanzania,2004,,,,,0,,mcv1
MCV1,MCV1,routine,TZA,United Republic of Tanzania,2004,,,,,0,,mcv1
MCV2,MCV2,routine,TZA,United Republic of Tanzania,2003,,,,,0,,mcv1
MCV1,MCV1,routine,TZA,United Republic of Tanzania,2003,,,,,0,,mcv1
MCV2,MCV2,routine,TZA,United Republic of Tanzania,2002,,,,,0,,mcv1
MCV1,MCV1,routine,TZA,United Republic of Tanzania,2002,,,,,0,,mcv1
MCV2,MCV2,routine,TZA,United Republic of Tanzania,2001,,,,,0,,mcv1
MCV1,MCV1,routine,TZA,United Republic of Tanzania,2001,,,,,0,,mcv1
MCV2,MCV2,routine,TZA,United Republic of Tanzania,2000,,,,,0,,mcv1
MCV1,MCV1,routine,TZA,United Republic of Tanzania,2000,,,,,0,,mcv1
MCV1,MCV1,routine,TZA,United Republic of Tanzania,1999,,,,,0,,mcv1
MCV1,MCV1,routine,TZA,United Republic of Tanzania,1998,,,,,0,,mcv1
MCV1,MCV1,routine,TZA,United Republic of Tanzania,1997,,,,,0,,mcv1
MCV1,MCV1,routine,TZA,United Republic of Tanzania,1996,,,,,0,,mcv1
MCV1,MCV1,routine,TZA,United Republic of Tanzania,1995,,,,,0,,mcv1
MCV1,MCV1,routine,TZA,United Republic of Tanzania,1994,,,,,0,,mcv1
MCV1,MCV1,routine,TZA,United Republic of Tanzania,1993,,,,,0,,mcv1
MCV1,MCV1,routine,TZA,United Republic of Tanzania,1992,,,,,0,,mcv1
MCV1,MCV1,routine,TZA,United Republic of Tanzania,1991,,,,,0,,mcv1
MCV1,MCV1,routine,TZA,United Republic of Tanzania,1990,,,,,0,,mcv1
MCV1,MCV1,routine,TZA,United Republic of Tanzania,1989,,,,,0,,mcv1
MCV1,MCV1,routine,TZA,United Republic of Tanzania,1988,,,,,0,,mcv1
MCV1,MCV1,routine,TZA,United Republic of Tanzania,1987,,,,,0,,mcv1
MCV1,MCV1,routine,TZA,United Republic of Tanzania,1986,,,,,0,,mcv1
MCV1,MCV1,routine,TZA,United Republic of Tanzania,1985,,,,,0,,mcv1
MCV1,MCV1,routine,TZA,United Republic of Tanzania,1984,,,,,0,,mcv1
MCV1,MCV1,routine,TZA,United Republic of Tanzania,1983,,,,,0,,mcv1
MCV1,MCV1,routine,TZA,United Republic of Tanzania,1982,,,,,0,,mcv1
MCV1,MCV1,routine,TZA,United Republic of Tanzania,1981,,,,,0,,mcv1
MCV1,MCV1,routine,TZA,United Republic of Tanzania,1980,,,,,0,,mcv1
